panel,model_year,engine_family,engine_code,engine_test_model,engine_id,test_fuel,test_date
highway,2026,TAGIE06.0CNG,6LCNG,6.0L 2V CNG,6LCNG,Compressed Natural Gas,2020-07-22 00:00:00
highway,2026,TBAFE06.6BNG,MISUZ-1,HDE-6.6L,MISUZ-1,Compressed Natural Gas,2022-01-31 00:00:00
highway,2026,TBAFE07.3BNG,LC2E-K,EF-7.3L,LC2E-K,Compressed Natural Gas,2020-01-21 00:00:00
highway,2026,TBAFE07.3BW7,BAD_7.3,EF-7.3L,BAD_7.3,Compressed Natural Gas,2026-02-13 00:00:00
highway,2026,TBAFE07.3BWS,BAD_7.3,EF-7.3L,BAD_7.3,Compressed Natural Gas,2026-02-13 00:00:00
highway,2026,TBLME06.6001,MISUZ-1,GMHDE-6.6001,MISUZ-1,Liquefied Petroleum Gas,2022-01-19 00:00:00
highway,2026,TCEXE0408BEA,BG1,B6.7O 300,BG1,Gasoline,2025-12-09 00:00:00
highway,2026,TCEXE0408BEA,BG1,B6.7O 300,BG1,Gasoline,2025-12-10 00:00:00
highway,2026,TCEXH0408BCA,BM1,B6.7 360,BM1,7-15 ppm ultra low sulfur diesel,2020-03-22 00:00:00
highway,2026,TCEXH0408BCA,BM3,B6.7 325,BM3,7-15 ppm ultra low sulfur diesel,2020-04-02 00:00:00
highway,2026,TCEXH0408BCB,BMH2,B6.7 280H,BMH2,7-15 ppm ultra low sulfur diesel,2020-04-01 00:00:00
highway,2026,TCEXH0408BCC,BCCM1,B6.7 360,BCCM1,7-15 ppm ultra low sulfur diesel,2025-10-08 00:00:00
highway,2026,TCEXH0408BCD,BCDM1,B6.7 360,BCDM1,7-15 ppm ultra low sulfur diesel,2025-10-08 00:00:00
highway,2026,TCEXH0408BCF,BM1,B6.7 360,BM1,7-15 ppm ultra low sulfur diesel,2020-03-22 00:00:00
highway,2026,TCEXH0408BCF,BM3,B6.7 325,BM3,7-15 ppm ultra low sulfur diesel,2020-04-02 00:00:00
highway,2026,TCEXH0408BDA,BM1,B6.7N 240,BM1,Compressed Natural Gas,2019-07-30 00:00:00
highway,2026,TCEXH0540LCA,LM3,L9 380,LM3,7-15 ppm ultra low sulfur diesel,2020-04-22 00:00:00
highway,2026,TCEXH0540LCC,LUB1,L9 350,LUB1,7-15 ppm ultra low sulfur diesel,2020-06-13 00:00:00
highway,2026,TCEXH0540LCD,LM3,L9 380,LM3,7-15 ppm ultra low sulfur diesel,2020-04-22 00:00:00
highway,2026,TCEXH0540LDC,LH1,L9N 320,LH1,Compressed Natural Gas,2015-07-25 00:00:00
highway,2026,TCEXH0721XCA,XH27,X12 500,XH27,7-15 ppm ultra low sulfur diesel,2023-11-27 00:00:00
highway,2026,TCEXH0721XCB,XH27,X12 500,XH27,7-15 ppm ultra low sulfur diesel,2023-11-27 00:00:00
highway,2026,TCEXH0729XDA,XH1,ISX12N 400,XH1,Compressed Natural Gas,2017-08-31 00:00:00
highway,2026,TCEXH0886XDA,XH18,X15N 500,XH18,Compressed Natural Gas,2023-12-12 00:00:00
highway,2026,TCEXH0912XEA,XH18,X15 500,XH18,7-15 ppm ultra low sulfur diesel,2023-05-06 00:00:00
highway,2026,TCEXH0912XEB,XH6,X15 565,XH6,7-15 ppm ultra low sulfur diesel,2023-05-13 00:00:00
highway,2026,TCEXH0912XEC,XH2,X15 605V,XH2,7-15 ppm ultra low sulfur diesel,2023-05-11 00:00:00
highway,2026,TCEXH0912XED,XH18,X15 500,XH18,7-15 ppm ultra low sulfur diesel,2023-05-06 00:00:00
highway,2026,TCEXH0912XEE,XH6,X15 565,XH6,7-15 ppm ultra low sulfur diesel,2023-05-13 00:00:00
highway,2026,TCEXH0912XEF,XH2,X15 605V,XH2,7-15 ppm ultra low sulfur diesel,2023-05-11 00:00:00
highway,2026,TCRXE06.4F70,AA-0750,6.4L BGE,AA-0750,Gasoline,2024-11-22 00:00:00
highway,2026,TDDXH07.7MDE,V,DD8-F,V,7-15 ppm ultra low sulfur diesel,2019-07-19 00:00:00
highway,2026,TDDXH07.7MDE,VI,DD8-F,VI,7-15 ppm ultra low sulfur diesel,2019-07-22 00:00:00
highway,2026,TDDXH12.8NXE,XIV,DD13,XIV,7-15 ppm ultra low sulfur diesel,2023-05-13 00:00:00
highway,2026,TDDXH12.8NXE,XIVA,DD13,XIVA,7-15 ppm ultra low sulfur diesel,2024-03-25 00:00:00
highway,2026,TDDXH12.8TCE,XIV,DD13HP,XIV,7-15 ppm ultra low sulfur diesel,2023-03-21 00:00:00
highway,2026,TDDXH12.8TCE,X,DD13HP,X,7-15 ppm ultra low sulfur diesel,2023-03-28 00:00:00
highway,2026,TDDXH14.8NXE,IVA,DD15TCO,IVA,7-15 ppm ultra low sulfur diesel,2024-05-24 00:00:00
highway,2026,TDDXH14.8NXE,IV,DD15TCO,IV,7-15 ppm ultra low sulfur diesel,2024-06-24 00:00:00
highway,2026,TDDXH15.6GEE,VI,DD16,VI,7-15 ppm ultra low sulfur diesel,2022-07-15 00:00:00
highway,2026,TFMXE07.3BW7,TTFHJ0NN,Super Duty,TTFHJ0NN,Gasoline,2023-05-11 00:00:00
highway,2026,TFMXE07.3BW7,TTFHJ0NN,Super Duty,TTFHJ0NN,Gasoline,2023-05-16 00:00:00
highway,2026,TFMXE07.3BWU,TTFHJ0NJ,Super Duty,TTFHJ0NJ,Gasoline,2023-05-11 00:00:00
highway,2026,TFMXE07.3BWU,TTFHJ0NJ,Super Duty,TTFHJ0NJ,Gasoline,2023-05-16 00:00:00
highway,2026,TFMXH06.7F45,TTBCYENE,4V F-Series,TTBCYENE,7-15 ppm ultra low sulfur diesel,2022-10-16 00:00:00
highway,2026,TFMXH06.7F45,TTBCYENE,4V F-Series,TTBCYENE,7-15 ppm ultra low sulfur diesel,2022-10-18 00:00:00
highway,2026,TFMXH06.7P4A,TTFHTRDM,4V F-Series,TTFHTRDM,7-15 ppm ultra low sulfur diesel,2022-09-17 00:00:00
highway,2026,TFMXH06.7P4A,TTFHTRDM,4V F-Series,TTFHTRDM,7-15 ppm ultra low sulfur diesel,2022-09-20 00:00:00
highway,2026,TFMXH06.7P4B,TTFHTRDN,4V F-Series,TTFHTRDN,7-15 ppm ultra low sulfur diesel,2022-09-17 00:00:00
highway,2026,TFMXH06.7P4B,TTFHTRDN,4V F-Series,TTFHTRDN,7-15 ppm ultra low sulfur diesel,2022-09-20 00:00:00
highway,2026,TFMXH06.7P5C,TTFHTRDF,4V F-Series,TTFHTRDF,7-15 ppm ultra low sulfur diesel,2022-09-17 00:00:00
highway,2026,TFMXH06.7P5C,TTFHTRDF,4V F-Series,TTFHTRDF,7-15 ppm ultra low sulfur diesel,2022-09-20 00:00:00
highway,2026,TGMXE06.6001,70,L8T,70,Gasoline,2024-04-04 00:00:00
highway,2026,TGMXE06.6002,80,L8T,80,Gasoline,2023-03-31 00:00:00
highway,2026,TGMXE06.6003,75,L8T,75,Gasoline,2024-04-04 00:00:00
highway,2026,TGMXH06.6010,1,350,1,7-15 ppm ultra low sulfur diesel,2023-07-17 00:00:00
highway,2026,TLDRE07.3BW7,LC2E-K,Ford 7.3L V8 2 valve,LC2E-K,Compressed Natural Gas,2023-07-12 00:00:00
highway,2026,TNVXH07750SA,G8056,S515,G8056,7-15 ppm ultra low sulfur diesel,2025-05-23 00:00:00
highway,2026,TNVXH07750SB,G8079,S515,G8079,7-15 ppm ultra low sulfur diesel,2025-05-23 00:00:00
highway,2026,TNVXH07750SC,G7868,S515,G7868,7-15 ppm ultra low sulfur diesel,2025-05-30 00:00:00
highway,2026,TPCRH10.8C21,443 hp,MX-11_443hp,443 hp,7-15 ppm ultra low sulfur diesel,2023-05-23 00:00:00
highway,2026,TPCRH10.8M21,443 hp,MX-11_443hp,443 hp,7-15 ppm ultra low sulfur diesel,2023-05-23 00:00:00
highway,2026,TPCRH12.9C01,510 hp,MX-13_510hp,510 hp,7-15 ppm ultra low sulfur diesel,2024-02-02 00:00:00
highway,2026,TPCRH12.9C21,510 hp,MX-13_510hp,510 hp,7-15 ppm ultra low sulfur diesel,2023-04-05 00:00:00
highway,2026,TPCRH12.9M21,510 hp,MX-13_510hp,510 hp,7-15 ppm ultra low sulfur diesel,2023-04-05 00:00:00
highway,2026,TRIIE07.3BL3,SSF510DR5,Motor Home,SSF510DR5,Liquefied Petroleum Gas,2024-03-09 00:00:00
highway,2026,TRIIE07.3BL5,TTFB1FSR5,Blue Bird Vision Bus,TTFB1FSR5,Liquefied Petroleum Gas,2024-08-08 00:00:00
highway,2026,TRIIE07.3BL5,TTFB1FSR5,Blue Bird Vision Bus,TTFB1FSR5,Liquefied Petroleum Gas,2024-08-09 00:00:00
highway,2026,TRIIE07.3BW8,TTNG10AR5,Blue Bird Vision Bus,TTNG10AR5,Gasoline,2024-05-24 00:00:00
highway,2026,TRIIE07.3BW8,TTNG10AR5,Blue Bird Vision Bus,TTNG10AR5,Gasoline,2024-05-29 00:00:00
highway,2026,TSZXH05.23FE,523FE-1,4HK1TC,523FE-1,7-15 ppm ultra low sulfur diesel,2021-02-23 00:00:00
highway,2026,TSZXH05.23FE,523FE-1,4HK1TC,523FE-1,7-15 ppm ultra low sulfur diesel,2024-06-21 00:00:00
highway,2026,TVPTH10.8CA1,F,MP7-395C,F,7-15 ppm ultra low sulfur diesel,2018-05-19 00:00:00
highway,2026,TVPTH10.8EP1,F,MP7-395C,F,7-15 ppm ultra low sulfur diesel,2018-05-19 00:00:00
highway,2026,TVPTH12.8CA1,SE,D13N-500,SE,7-15 ppm ultra low sulfur diesel,2024-10-22 00:00:00
highway,2026,TVPTH12.8CA3,ETOR-2235_VGT-3,D13N-455CA,ETOR-2235_VGT-3,7-15 ppm ultra low sulfur diesel,2023-12-16 00:00:00
highway,2026,TVPTH12.8CA4,ETOR-2645_TC-4,D13-500,ETOR-2645_TC-4,7-15 ppm ultra low sulfur diesel,2024-04-24 00:00:00
highway,2026,TVPTH12.8CA5,ETOR-2510_VGT-5,D13-455CA,ETOR-2510_VGT-5,7-15 ppm ultra low sulfur diesel,2024-12-28 00:00:00
highway,2026,TVPTH12.8CA7,ETOR-2575_VGT-7,D13-500XE,ETOR-2575_VGT-7,7-15 ppm ultra low sulfur diesel,2025-04-29 00:00:00
highway,2026,TVPTH12.8EP1,SE,D13N-500,SE,7-15 ppm ultra low sulfur diesel,2024-10-22 00:00:00
highway,2026,TVPTH12.8EP4,ETOR-2645_TC-4,D13-500,ETOR-2645_TC-4,7-15 ppm ultra low sulfur diesel,2024-04-24 00:00:00
highway,2026,TVPTH12.8EP7,ETOR-2575_VGT-7,D13-500XE,ETOR-2575_VGT-7,7-15 ppm ultra low sulfur diesel,2025-04-29 00:00:00
highway,2025,SAGIE06.0CNG,6LCNG,6.0L 2V CNG,6LCNG,Compressed Natural Gas,2020-07-22 00:00:00
highway,2025,SBAFE06.6BNG,MISUZ-1,HDE-6.6L,MISUZ-1,Compressed Natural Gas,2022-01-31 00:00:00
highway,2025,SBAFE07.3BNG,LC2E-K,EF-7.3L,LC2E-K,Compressed Natural Gas,2020-01-21 00:00:00
highway,2025,SBLME06.6001,MISUZ-1,GMHDE-6.6001,MISUZ-1,Liquefied Petroleum Gas,2022-01-19 00:00:00
highway,2025,SBLME07.3BW7,L733VR01,7.3L,L733VR01,Liquefied Petroleum Gas,2020-07-14 00:00:00
highway,2025,SCEXH0408BCA,BM1,B6.7 360,BM1,7-15 ppm ultra low sulfur diesel,2020-03-22 00:00:00
highway,2025,SCEXH0408BCA,BM3,B6.7 325,BM3,7-15 ppm ultra low sulfur diesel,2020-04-02 00:00:00
highway,2025,SCEXH0408BCB,BMH2,B6.7 280H,BMH2,7-15 ppm ultra low sulfur diesel,2020-04-01 00:00:00
highway,2025,SCEXH0408BCC,BCCM1,B6.7 360,BCCM1,7-15 ppm ultra low sulfur diesel,2024-10-31 00:00:00
highway,2025,SCEXH0408BCD,BCDM1,B6.7 360,BCDM1,7-15 ppm ultra low sulfur diesel,2024-10-31 00:00:00
highway,2025,SCEXH0408BCF,BM1,B6.7 360,BM1,7-15 ppm ultra low sulfur diesel,2020-03-22 00:00:00
highway,2025,SCEXH0408BCF,BM3,B6.7 325,BM3,7-15 ppm ultra low sulfur diesel,2020-04-02 00:00:00
highway,2025,SCEXH0408BDA,BM1,B6.7N 240,BM1,Compressed Natural Gas,2019-07-30 00:00:00
highway,2025,SCEXH0540LCA,LM3,L9 380,LM3,7-15 ppm ultra low sulfur diesel,2020-04-22 00:00:00
highway,2025,SCEXH0540LCC,LUB1,L9 350,LUB1,7-15 ppm ultra low sulfur diesel,2020-06-13 00:00:00
highway,2025,SCEXH0540LCD,LM3,L9 380,LM3,7-15 ppm ultra low sulfur diesel,2020-04-22 00:00:00
highway,2025,SCEXH0540LDA,LM1,L9N 320,LM1,Compressed Natural Gas,2015-07-25 00:00:00
highway,2025,SCEXH0540LDB,LU1,L9N 320,LU1,Compressed Natural Gas,2015-07-25 00:00:00
highway,2025,SCEXH0540LDC,LH1,L9N 320,LH1,Compressed Natural Gas,2015-07-25 00:00:00
highway,2025,SCEXH0721XCA,XH27,X12 500,XH27,7-15 ppm ultra low sulfur diesel,2023-11-27 00:00:00
highway,2025,SCEXH0721XCB,XH27,X12 500,XH27,7-15 ppm ultra low sulfur diesel,2023-11-27 00:00:00
highway,2025,SCEXH0729XDA,XH1,ISX12N 400,XH1,Compressed Natural Gas,2017-08-31 00:00:00
highway,2025,SCEXH0886XDA,XH18,X15N 500,XH18,Compressed Natural Gas,2023-12-12 00:00:00
highway,2025,SCEXH0912XEA,XH18,X15 500,XH18,7-15 ppm ultra low sulfur diesel,2023-05-06 00:00:00
highway,2025,SCEXH0912XEB,XH6,X15 565,XH6,7-15 ppm ultra low sulfur diesel,2023-05-13 00:00:00
highway,2025,SCEXH0912XEC,XH2,X15 605V,XH2,7-15 ppm ultra low sulfur diesel,2023-05-11 00:00:00
highway,2025,SCEXH0912XED,XH18,X15 500,XH18,7-15 ppm ultra low sulfur diesel,2023-05-06 00:00:00
highway,2025,SCEXH0912XEE,XH6,X15 565,XH6,7-15 ppm ultra low sulfur diesel,2023-05-13 00:00:00
highway,2025,SCEXH0912XEF,XH2,X15 605V,XH2,7-15 ppm ultra low sulfur diesel,2023-05-11 00:00:00
highway,2025,SCRXE06.4FY6,AA-0750,6.4L BGE,AA-0750,Gasoline,2024-11-22 00:00:00
highway,2025,SDDXH07.7MDC,V,DD8-F,V,7-15 ppm ultra low sulfur diesel,2019-07-19 00:00:00
highway,2025,SDDXH07.7MDC,VI,DD8-F,VI,7-15 ppm ultra low sulfur diesel,2019-07-22 00:00:00
highway,2025,SDDXH07.7MDE,V,DD8-F,V,7-15 ppm ultra low sulfur diesel,2019-07-19 00:00:00
highway,2025,SDDXH07.7MDE,VI,DD8-F,VI,7-15 ppm ultra low sulfur diesel,2019-07-22 00:00:00
highway,2025,SDDXH12.8NXC,XIV,DD13,XIV,7-15 ppm ultra low sulfur diesel,2023-05-13 00:00:00
highway,2025,SDDXH12.8NXC,XIVA,DD13,XIVA,7-15 ppm ultra low sulfur diesel,2024-03-25 00:00:00
highway,2025,SDDXH12.8NXE,XIV,DD13,XIV,7-15 ppm ultra low sulfur diesel,2023-05-13 00:00:00
highway,2025,SDDXH12.8NXE,XIVA,DD13,XIVA,7-15 ppm ultra low sulfur diesel,2024-03-25 00:00:00
highway,2025,SDDXH12.8TCE,X,DD13HP,X,7-15 ppm ultra low sulfur diesel,2023-03-21 00:00:00
highway,2025,SDDXH12.8TCE,XIV,DD13HP,XIV,7-15 ppm ultra low sulfur diesel,2023-03-28 00:00:00
highway,2025,SDDXH14.8NXC,IVA,DD15TCO,IVA,7-15 ppm ultra low sulfur diesel,2024-05-24 00:00:00
highway,2025,SDDXH14.8NXC,IV,DD15TCO,IV,7-15 ppm ultra low sulfur diesel,2024-06-24 00:00:00
highway,2025,SDDXH14.8NXE,IVA,DD15TCO,IVA,7-15 ppm ultra low sulfur diesel,2024-05-24 00:00:00
highway,2025,SDDXH14.8NXE,IV,DD15TCO,IV,7-15 ppm ultra low sulfur diesel,2024-06-24 00:00:00
highway,2025,SDDXH15.6GEC,VI,DD16,VI,7-15 ppm ultra low sulfur diesel,2022-07-15 00:00:00
highway,2025,SDDXH15.6GEE,VI,DD16,VI,7-15 ppm ultra low sulfur diesel,2022-07-15 00:00:00
highway,2025,SFMXE07.3BW7,STFHJ0NN,Super Duty,STFHJ0NN,Gasoline,2023-05-11 00:00:00
highway,2025,SFMXE07.3BW7,STFHJ0NN,Super Duty,STFHJ0NN,Gasoline,2023-05-16 00:00:00
highway,2025,SFMXE07.3BWU,STFHJ0NJ,Super Duty,STFHJ0NJ,Gasoline,2023-05-11 00:00:00
highway,2025,SFMXE07.3BWU,STFHJ0NJ,Super Duty,STFHJ0NJ,Gasoline,2023-05-16 00:00:00
highway,2025,SFMXH06.7F45,STBCYENE,4V F-Series,STBCYENE,7-15 ppm ultra low sulfur diesel,2022-10-16 00:00:00
highway,2025,SFMXH06.7F45,STBCYENE,4V F-Series,STBCYENE,7-15 ppm ultra low sulfur diesel,2022-10-18 00:00:00
highway,2025,SFMXH06.7P4A,STFHTRDM,4V F-Series,STFHTRDM,7-15 ppm ultra low sulfur diesel,2022-09-17 00:00:00
highway,2025,SFMXH06.7P4A,STFHTRDM,4V F-Series,STFHTRDM,7-15 ppm ultra low sulfur diesel,2022-09-20 00:00:00
highway,2025,SFMXH06.7P4B,STFHTRDN,4V F-Series,STFHTRDN,7-15 ppm ultra low sulfur diesel,2022-09-17 00:00:00
highway,2025,SFMXH06.7P4B,STFHTRDN,4V F-Series,STFHTRDN,7-15 ppm ultra low sulfur diesel,2022-09-20 00:00:00
highway,2025,SFMXH06.7P5C,STFHTRDF,4V F-Series,STFHTRDF,7-15 ppm ultra low sulfur diesel,2022-09-17 00:00:00
highway,2025,SFMXH06.7P5C,STFHTRDF,4V F-Series,STFHTRDF,7-15 ppm ultra low sulfur diesel,2022-09-20 00:00:00
highway,2025,SGKTE06.0GM2,8,V8,8,Compressed Natural Gas,2011-11-07 00:00:00
highway,2025,SGKTE06.0PRO,8,V8,8,Propane,2011-11-07 00:00:00
highway,2025,SGKTE06.0SS6,8,V8,8,Gasoline,2017-07-12 00:00:00
highway,2025,SGKTE08.0PRO,8,V8,8,Propane,2015-01-02 00:00:00
highway,2025,SGKTE08.0SS8,8,V8,8,Gasoline,2017-04-06 00:00:00
highway,2025,SGMXE06.6002,80,L8T,80,Gasoline,2023-03-31 00:00:00
highway,2025,SGMXE06.6003,75,L8T,75,Gasoline,2024-04-04 00:00:00
highway,2025,SGMXH06.6010,1,350,1,7-15 ppm ultra low sulfur diesel,2023-07-17 00:00:00
highway,2025,SLDRE07.3BW7,LC2E-K,Ford 7.3L V8 2 valve,LC2E-K,Compressed Natural Gas,2023-07-12 00:00:00
highway,2025,SNVXH07750SA,G8010,S515,G8010,7-15 ppm ultra low sulfur diesel,2024-07-22 00:00:00
highway,2025,SNVXH07750SB,G8033,S515,G8033,7-15 ppm ultra low sulfur diesel,2024-07-22 00:00:00
highway,2025,SNVXH07750SC,G7822,S515,G7822,7-15 ppm ultra low sulfur diesel,2022-10-10 00:00:00
highway,2025,SPCRH10.8C21,443 hp,MX-11_443hp,443 hp,7-15 ppm ultra low sulfur diesel,2023-05-23 00:00:00
highway,2025,SPCRH10.8M21,443 hp,MX-11_443hp,443 hp,7-15 ppm ultra low sulfur diesel,2023-05-23 00:00:00
highway,2025,SPCRH12.9C01,510 hp,MX-13_510hp,510 hp,7-15 ppm ultra low sulfur diesel,2024-02-02 00:00:00
highway,2025,SPCRH12.9C21,510 hp,MX-13_510hp,510 hp,7-15 ppm ultra low sulfur diesel,2023-04-05 00:00:00
highway,2025,SPCRH12.9M21,510 hp,MX-13_510hp,510 hp,7-15 ppm ultra low sulfur diesel,2023-04-05 00:00:00
highway,2025,SRIIE07.3BL3,SSF510DR5,Motor Home,SSF510DR5,Liquefied Petroleum Gas,2024-03-09 00:00:00
highway,2025,SRIIE07.3BL5,SSFB1FSR5,Blue Bird Vision Bus,SSFB1FSR5,Liquefied Petroleum Gas,2024-08-08 00:00:00
highway,2025,SRIIE07.3BL5,SSFB1FSR5,Blue Bird Vision Bus,SSFB1FSR5,Liquefied Petroleum Gas,2024-08-09 00:00:00
highway,2025,SRIIE07.3BW8,SSNG10AR5,Blue Bird Vision Bus,SSNG10AR5,Gasoline,2024-05-24 00:00:00
highway,2025,SRIIE07.3BW8,SSNG10AR5,Blue Bird Vision Bus,SSNG10AR5,Gasoline,2024-05-29 00:00:00
highway,2025,SSZXH05.23FE,523FE-1,4HK1TC,523FE-1,7-15 ppm ultra low sulfur diesel,2021-02-23 00:00:00
highway,2025,SSZXH05.23FE,523FE-1,4HK1TC,523FE-1,7-15 ppm ultra low sulfur diesel,2024-06-21 00:00:00
highway,2025,SVPTH10.8CA1,F,MP7-395C,F,7-15 ppm ultra low sulfur diesel,2018-05-19 00:00:00
highway,2025,SVPTH10.8EP1,F,MP7-395C,F,7-15 ppm ultra low sulfur diesel,2018-05-19 00:00:00
highway,2025,SVPTH12.8CA1,SE,D13N-500,SE,7-15 ppm ultra low sulfur diesel,2024-10-22 00:00:00
highway,2025,SVPTH12.8CA2,TC,D13N-455,TC,7-15 ppm ultra low sulfur diesel,2020-05-01 00:00:00
highway,2025,SVPTH12.8CA3,ETOR-2235_VGT-3,D13N-455CA,ETOR-2235_VGT-3,7-15 ppm ultra low sulfur diesel,2023-12-16 00:00:00
highway,2025,SVPTH12.8CA4,ETOR-2645_TC-4,D13-500,ETOR-2645_TC-4,7-15 ppm ultra low sulfur diesel,2024-04-24 00:00:00
highway,2025,SVPTH12.8CA7,ETOR-2575_VGT-7,D13-500XE,ETOR-2575_VGT-7,7-15 ppm ultra low sulfur diesel,2025-04-29 00:00:00
highway,2025,SVPTH12.8EP1,SE,D13N-500,SE,7-15 ppm ultra low sulfur diesel,2024-10-22 00:00:00
highway,2025,SVPTH12.8EP2,TC,D13N-455,TC,7-15 ppm ultra low sulfur diesel,2020-05-01 00:00:00
highway,2025,SVPTH12.8EP4,ETOR-2645_TC-4,D13-500,ETOR-2645_TC-4,7-15 ppm ultra low sulfur diesel,2024-04-24 00:00:00
highway,2025,SVPTH12.8EP7,ETOR-2575_VGT-7,D13-500XE,ETOR-2575_VGT-7,7-15 ppm ultra low sulfur diesel,2025-04-29 00:00:00
highway,2024,RAGIE06.0CNG,6LCNG,6.0L 2V CNG,6LCNG,Compressed Natural Gas,2020-07-22 00:00:00
highway,2024,RBAFE06.6BNG,MISUZ-1,HDE-6.6L,MISUZ-1,Compressed Natural Gas,2022-01-31 00:00:00
highway,2024,RBAFE07.3BNG,LC2E-K,EF-7.3L,LC2E-K,Compressed Natural Gas,2020-01-21 00:00:00
highway,2024,RBLME06.6001,MISUZ-1,GMHDE-6.6001,MISUZ-1,Liquefied Petroleum Gas,2022-01-19 00:00:00
highway,2024,RBLME07.3BWR,L733VR01,7.3L,L733VR01,Liquefied Petroleum Gas,2020-07-14 00:00:00
highway,2024,RCEXH0408BCA,BM1,B6.7 360,BM1,7-15 ppm ultra low sulfur diesel,2020-03-22 00:00:00
highway,2024,RCEXH0408BCA,BM3,B6.7 325,BM3,7-15 ppm ultra low sulfur diesel,2020-04-02 00:00:00
highway,2024,RCEXH0408BCB,BMH2,B6.7 280H,BMH2,7-15 ppm ultra low sulfur diesel,2020-04-01 00:00:00
highway,2024,RCEXH0408BCC,BCCM1,B6.7 360,BCCM1,7-15 ppm ultra low sulfur diesel,2022-03-12 00:00:00
highway,2024,RCEXH0408BCC,BCCM1,B6.7 360,BCCM1,7-15 ppm ultra low sulfur diesel,2022-03-13 00:00:00
highway,2024,RCEXH0408BCE,BCEM1,B6.7 360,BCEM1,7-15 ppm ultra low sulfur diesel,2022-03-12 00:00:00
highway,2024,RCEXH0408BCE,BCEM1,B6.7 360,BCEM1,7-15 ppm ultra low sulfur diesel,2022-03-13 00:00:00
highway,2024,RCEXH0408BCF,BM1,B6.7 360,BM1,7-15 ppm ultra low sulfur diesel,2020-03-22 00:00:00
highway,2024,RCEXH0408BCF,BM3,B6.7 325,BM3,7-15 ppm ultra low sulfur diesel,2020-04-02 00:00:00
highway,2024,RCEXH0408BDA,BM1,B6.7N 240,BM1,Compressed Natural Gas,2019-07-30 00:00:00
highway,2024,RCEXH0540LCA,LM3,L9 380,LM3,7-15 ppm ultra low sulfur diesel,2020-04-22 00:00:00
highway,2024,RCEXH0540LCC,LUB1,L9 350,LUB1,7-15 ppm ultra low sulfur diesel,2020-06-13 00:00:00
highway,2024,RCEXH0540LCD,LM3,L9 380,LM3,7-15 ppm ultra low sulfur diesel,2020-04-22 00:00:00
highway,2024,RCEXH0540LDA,LM1,L9N 320,LM1,Compressed Natural Gas,2015-07-25 00:00:00
highway,2024,RCEXH0540LDB,LU1,L9N 320,LU1,Compressed Natural Gas,2015-07-25 00:00:00
highway,2024,RCEXH0540LDC,LH1,L9N 320,LH1,Compressed Natural Gas,2015-07-25 00:00:00
highway,2024,RCEXH0540LDD,LM1,L9N 320,LM1,Compressed Natural Gas,2015-07-25 00:00:00
highway,2024,RCEXH0540LDE,LU1,L9N 320,LU1,Compressed Natural Gas,2015-07-25 00:00:00
highway,2024,RCEXH0540LDF,LH1,L9N 320,LH1,Compressed Natural Gas,2015-07-25 00:00:00
highway,2024,RCEXH0540LDG,LH1,L9N 320,LH1,Compressed Natural Gas,2015-07-25 00:00:00
highway,2024,RCEXH0540LDH,LU1,L9N 320,LU1,Compressed Natural Gas,2015-07-25 00:00:00
highway,2024,RCEXH0540LDI,LM1,L9N 320,LM1,Compressed Natural Gas,2015-07-25 00:00:00
highway,2024,RCEXH0721XCA,XH27,X12 500,XH27,7-15 ppm ultra low sulfur diesel,2023-11-27 00:00:00
highway,2024,RCEXH0721XCB,XH27,X12 500,XH27,7-15 ppm ultra low sulfur diesel,2023-11-27 00:00:00
highway,2024,RCEXH0729XDA,XH1,ISX12N 400,XH1,Compressed Natural Gas,2017-08-31 00:00:00
highway,2024,RCEXH0886XDA,XH18,X15N 500,XH18,Compressed Natural Gas,2023-12-12 00:00:00
highway,2024,RCEXH0912XEA,XH18,X15 500,XH18,7-15 ppm ultra low sulfur diesel,2023-05-06 00:00:00
highway,2024,RCEXH0912XEB,XH6,X15 565,XH6,7-15 ppm ultra low sulfur diesel,2023-05-13 00:00:00
highway,2024,RCEXH0912XEC,XH2,X15 605V,XH2,7-15 ppm ultra low sulfur diesel,2023-05-11 00:00:00
highway,2024,RCEXH0912XED,XH18,X15 500,XH18,7-15 ppm ultra low sulfur diesel,2023-05-06 00:00:00
highway,2024,RCEXH0912XEE,XH6,X15 565,XH6,7-15 ppm ultra low sulfur diesel,2023-05-13 00:00:00
highway,2024,RCEXH0912XEF,XH2,X15 605V,XH2,7-15 ppm ultra low sulfur diesel,2023-05-11 00:00:00
highway,2024,RCRXE06.4FY6,AA-0800,6.4L BGE,AA-0800,Gasoline,2022-06-07 00:00:00
highway,2024,RDDXH07.7MDC,V,DD8-F,V,7-15 ppm ultra low sulfur diesel,2019-07-19 00:00:00
highway,2024,RDDXH07.7MDC,VI,DD8-F,VI,7-15 ppm ultra low sulfur diesel,2019-07-22 00:00:00
highway,2024,RDDXH07.7MDE,V,DD8-F,V,7-15 ppm ultra low sulfur diesel,2019-07-19 00:00:00
highway,2024,RDDXH07.7MDE,VI,DD8-F,VI,7-15 ppm ultra low sulfur diesel,2019-07-22 00:00:00
highway,2024,RDDXH12.8NXC,XIV,DD13,XIV,7-15 ppm ultra low sulfur diesel,2023-05-13 00:00:00
highway,2024,RDDXH12.8NXE,XIV,DD13,XIV,7-15 ppm ultra low sulfur diesel,2023-05-13 00:00:00
highway,2024,RDDXH12.8TCE,XIV,DD13HP,XIV,7-15 ppm ultra low sulfur diesel,2023-03-21 00:00:00
highway,2024,RDDXH12.8TCE,X,DD13HP,X,7-15 ppm ultra low sulfur diesel,2023-03-28 00:00:00
highway,2024,RDDXH14.8TCC,VIII,DD15TCO,VIII,7-15 ppm ultra low sulfur diesel,2021-04-16 00:00:00
highway,2024,RDDXH14.8TCC,XII,DD15TCO,XII,7-15 ppm ultra low sulfur diesel,2021-04-16 00:00:00
highway,2024,RDDXH14.8TCC,VIII,DD15TCO,VIII,7-15 ppm ultra low sulfur diesel,2023-02-09 00:00:00
highway,2024,RDDXH14.8TCE,VIII,DD15TCO,VIII,7-15 ppm ultra low sulfur diesel,2021-04-14 00:00:00
highway,2024,RDDXH14.8TCE,VIIIA,DD15TCO,VIIIA,7-15 ppm ultra low sulfur diesel,2021-04-22 00:00:00
highway,2024,RDDXH15.6GEC,VI,DD16,VI,7-15 ppm ultra low sulfur diesel,2022-07-15 00:00:00
highway,2024,RDDXH15.6GEE,VI,DD16,VI,7-15 ppm ultra low sulfur diesel,2022-07-15 00:00:00
highway,2024,RFMXE07.3BW7,RTFHJ0NN,Super Duty,RTFHJ0NN,Gasoline,2023-05-11 00:00:00
highway,2024,RFMXE07.3BW7,RTFHJ0NN,Super Duty,RTFHJ0NN,Gasoline,2023-05-16 00:00:00
highway,2024,RFMXE07.3BWU,RTFHJ0NJ,Super Duty,RTFHJ0NJ,Gasoline,2023-05-11 00:00:00
highway,2024,RFMXE07.3BWU,RTFHJ0NJ,Super Duty,RTFHJ0NJ,Gasoline,2023-05-16 00:00:00
highway,2024,RFMXH06.7F45,RTBCYGNE,4V F-Series,RTBCYGNE,7-15 ppm ultra low sulfur diesel,2022-10-16 00:00:00
highway,2024,RFMXH06.7F45,RTBCYGNE,4V F-Series,RTBCYGNE,7-15 ppm ultra low sulfur diesel,2022-10-18 00:00:00
highway,2024,RFMXH06.7P4A,PTFHTRDM,4V F-Series,PTFHTRDM,7-15 ppm ultra low sulfur diesel,2022-09-17 00:00:00
highway,2024,RFMXH06.7P4A,PTFHTRDM,4V F-Series,PTFHTRDM,7-15 ppm ultra low sulfur diesel,2022-09-20 00:00:00
highway,2024,RFMXH06.7P4B,PTFHTRDN,4V F-Series,PTFHTRDN,7-15 ppm ultra low sulfur diesel,2022-09-17 00:00:00
highway,2024,RFMXH06.7P4B,PTFHTRDN,4V F-Series,PTFHTRDN,7-15 ppm ultra low sulfur diesel,2022-09-20 00:00:00
highway,2024,RFMXH06.7P5C,PTFHTRDF,4V F-Series,PTFHTRDF,7-15 ppm ultra low sulfur diesel,2022-09-17 00:00:00
highway,2024,RFMXH06.7P5C,PTFHTRDF,4V F-Series,PTFHTRDF,7-15 ppm ultra low sulfur diesel,2022-09-20 00:00:00
highway,2024,RGMXE06.6001,70,L8T,70,Gasoline,2019-10-03 00:00:00
highway,2024,RGMXE06.6002,80,L8T,80,Gasoline,2023-03-31 00:00:00
highway,2024,RGMXE06.6003,75,L8T,75,Gasoline,2022-02-16 00:00:00
highway,2024,RGMXH06.6010,1,350,1,7-15 ppm ultra low sulfur diesel,2023-07-17 00:00:00
highway,2024,RLDRE07.3BW7,LC2E-K,Ford 7.3L V8 2 valve,LC2E-K,Compressed Natural Gas,2023-07-12 00:00:00
highway,2024,RNVXH07570SA,G7566,A515,G7566,7-15 ppm ultra low sulfur diesel,2021-08-20 00:00:00
highway,2024,RNVXH07750SA,G7610,S515,G7610,7-15 ppm ultra low sulfur diesel,2022-10-10 00:00:00
highway,2024,RNVXH07750SB,G7634,S515,G7634,7-15 ppm ultra low sulfur diesel,2022-10-10 00:00:00
highway,2024,RNVXH07750SC,G7822,S515,G7822,7-15 ppm ultra low sulfur diesel,2022-10-10 00:00:00
highway,2024,RPCRH10.8C21,443 hp,MX-11_443hp,443 hp,7-15 ppm ultra low sulfur diesel,2023-05-23 00:00:00
highway,2024,RPCRH10.8M21,443 hp,MX-11_443hp,443 hp,7-15 ppm ultra low sulfur diesel,2023-05-23 00:00:00
highway,2024,RPCRH12.9C01,510 hp,MX-13_510hp,510 hp,7-15 ppm ultra low sulfur diesel,2024-02-02 00:00:00
highway,2024,RPCRH12.9C21,510 hp,MX-13_510hp,510 hp,7-15 ppm ultra low sulfur diesel,2023-04-05 00:00:00
highway,2024,RPCRH12.9M21,510 hp,MX-13_510hp,510 hp,7-15 ppm ultra low sulfur diesel,2023-04-05 00:00:00
highway,2024,RRIIE07.3BL3,RRFC1FSR5,Medium Duty Truck,RRFC1FSR5,Liquefied Petroleum Gas,2023-01-19 00:00:00
highway,2024,RRIIE07.3BL3,RRF510DR5,Motor Home,RRF510DR5,Liquefied Petroleum Gas,2024-03-08 00:00:00
highway,2024,RRIIE07.3BL3,RRF510DR5,Motor Home,RRF510DR5,Liquefied Petroleum Gas,2024-03-09 00:00:00
highway,2024,RRIIE07.3BL5,RRFB1FSR5,Blue Bird Vision Bus,RRFB1FSR5,Liquefied Petroleum Gas,2022-12-16 00:00:00
highway,2024,RRIIE07.3BW8,RRNG10AR5,Blue Bird Vision Bus,RRNG10AR5,Gasoline,2022-12-02 00:00:00
highway,2024,RSZXH05.23FE,523FE-1,4HK1TC,523FE-1,7-15 ppm ultra low sulfur diesel,2021-02-23 00:00:00
highway,2024,RSZXH05.23FE,523FE-1,4HK1TC,523FE-1,7-15 ppm ultra low sulfur diesel,2024-06-21 00:00:00
highway,2024,RVPTH10.8CA1,F,MP7-395C,F,7-15 ppm ultra low sulfur diesel,2018-05-19 00:00:00
highway,2024,RVPTH10.8EP1,F,MP7-395C,F,7-15 ppm ultra low sulfur diesel,2018-05-19 00:00:00
highway,2024,RVPTH12.8CA1,SE,D13N-500,SE,7-15 ppm ultra low sulfur diesel,2021-12-04 00:00:00
highway,2024,RVPTH12.8CA2,TC,D13N-455,TC,7-15 ppm ultra low sulfur diesel,2020-05-01 00:00:00
highway,2024,RVPTH12.8CA3,ETOR-2235_VGT-3,D13N-455CA,ETOR-2235_VGT-3,7-15 ppm ultra low sulfur diesel,2023-12-16 00:00:00
highway,2024,RVPTH12.8CA4,ETOR-2645_TC-4,D13-500,ETOR-2645_TC-4,7-15 ppm ultra low sulfur diesel,2024-04-24 00:00:00
highway,2024,RVPTH12.8EP1,SE,D13N-500,SE,7-15 ppm ultra low sulfur diesel,2021-12-04 00:00:00
highway,2024,RVPTH12.8EP2,TC,D13N-455,TC,7-15 ppm ultra low sulfur diesel,2020-05-01 00:00:00
highway,2024,RVPTH12.8EP4,ETOR-2645_TC-4,D13-500,ETOR-2645_TC-4,7-15 ppm ultra low sulfur diesel,2024-04-24 00:00:00
highway,2023,PAGIE06.0CNG,6LCNG,6.0L 2V CNG,6LCNG,Compressed Natural Gas,2020-07-22 00:00:00
highway,2023,PBAFE06.6BNG,MISUZ-1,HDE-6.6L,MISUZ-1,Compressed Natural Gas,2022-01-31 00:00:00
highway,2023,PBAFE07.3BNG,LC2E-K,EF-7.3L,LC2E-K,Compressed Natural Gas,2020-01-21 00:00:00
highway,2023,PBLME06.6001,MISUZ-1,GMHDE-6.6001,MISUZ-1,Liquefied Petroleum Gas,2022-01-19 00:00:00
highway,2023,PBLME07.3BWN,L733VR01,7.3L,L733VR01,Liquefied Petroleum Gas,2020-07-14 00:00:00
highway,2023,PCEXH0408BCA,BM1,B6.7 360,BM1,7-15 ppm ultra low sulfur diesel,2020-03-22 00:00:00
highway,2023,PCEXH0408BCA,BM3,B6.7 325,BM3,7-15 ppm ultra low sulfur diesel,2020-04-02 00:00:00
highway,2023,PCEXH0408BCB,BMH2,B6.7 280H,BMH2,7-15 ppm ultra low sulfur diesel,2020-04-01 00:00:00
highway,2023,PCEXH0408BCC,BCCM1,B6.7 360,BCCM1,7-15 ppm ultra low sulfur diesel,2022-03-12 00:00:00
highway,2023,PCEXH0408BCC,BCCM1,B6.7 360,BCCM1,7-15 ppm ultra low sulfur diesel,2022-03-13 00:00:00
highway,2023,PCEXH0408BCD,BCDM1,B6.7 360,BCDM1,7-15 ppm ultra low sulfur diesel,2022-03-12 00:00:00
highway,2023,PCEXH0408BCD,BCDM1,B6.7 360,BCDM1,7-15 ppm ultra low sulfur diesel,2022-03-13 00:00:00
highway,2023,PCEXH0408BDA,BM1,B6.7N 240,BM1,Compressed Natural Gas,2019-07-30 00:00:00
highway,2023,PCEXH0540LCA,LM3,L9 380,LM3,7-15 ppm ultra low sulfur diesel,2020-04-22 00:00:00
highway,2023,PCEXH0540LCB,LUB1,L9 350,LUB1,7-15 ppm ultra low sulfur diesel,2020-06-13 00:00:00
highway,2023,PCEXH0540LCC,LUB1,L9 350,LUB1,7-15 ppm ultra low sulfur diesel,2020-06-13 00:00:00
highway,2023,PCEXH0540LDA,LM1,L9N 320,LM1,Compressed Natural Gas,2015-07-25 00:00:00
highway,2023,PCEXH0540LDB,LU1,L9N 320,LU1,Compressed Natural Gas,2015-07-25 00:00:00
highway,2023,PCEXH0540LDC,LH1,L9N 320,LH1,Compressed Natural Gas,2015-07-25 00:00:00
highway,2023,PCEXH0540LDG,LH1,L9N 320,LH1,Compressed Natural Gas,2015-07-25 00:00:00
highway,2023,PCEXH0721XCA,XH13,X12 455,XH13,7-15 ppm ultra low sulfur diesel,2020-05-19 00:00:00
highway,2023,PCEXH0721XCA,XH27,X12 500,XH27,7-15 ppm ultra low sulfur diesel,2020-05-19 00:00:00
highway,2023,PCEXH0729XDA,XH1,ISX12N 400,XH1,Compressed Natural Gas,2017-08-31 00:00:00
highway,2023,PCEXH0912XCA,XH18,X15 500,XH18,7-15 ppm ultra low sulfur diesel,2020-04-03 00:00:00
highway,2023,PCEXH0912XCB,XH8,X15 565,XH8,7-15 ppm ultra low sulfur diesel,2020-04-23 00:00:00
highway,2023,PCEXH0912XCC,XH2,X15 605V,XH2,7-15 ppm ultra low sulfur diesel,2020-04-16 00:00:00
highway,2023,PCRXE06.45Y6,AA-0800,6.4L BGE,AA-0800,Gasoline,2022-06-07 00:00:00
highway,2023,PDDXH07.7MDC,V,DD8-F,V,7-15 ppm ultra low sulfur diesel,2019-07-19 00:00:00
highway,2023,PDDXH07.7MDC,VI,DD8-F,VI,7-15 ppm ultra low sulfur diesel,2019-07-22 00:00:00
highway,2023,PDDXH07.7MDE,V,DD8-F,V,7-15 ppm ultra low sulfur diesel,2019-07-19 00:00:00
highway,2023,PDDXH07.7MDE,VI,DD8-F,VI,7-15 ppm ultra low sulfur diesel,2019-07-22 00:00:00
highway,2023,PDDXH12.8TCC,XIV,DD13TCO/HP,XIV,7-15 ppm ultra low sulfur diesel,2022-06-09 00:00:00
highway,2023,PDDXH12.8TCE,XIV,DD13TCO/HP,XIV,7-15 ppm ultra low sulfur diesel,2022-06-14 00:00:00
highway,2023,PDDXH14.8TCC,VIII,DD15TCO,VIII,7-15 ppm ultra low sulfur diesel,2021-04-16 00:00:00
highway,2023,PDDXH14.8TCC,XII,DD15TCO,XII,7-15 ppm ultra low sulfur diesel,2021-04-16 00:00:00
highway,2023,PDDXH14.8TCE,VIII,DD15TCO,VIII,7-15 ppm ultra low sulfur diesel,2021-04-14 00:00:00
highway,2023,PDDXH14.8TCE,VIIIA,DD15TCO,VIIIA,7-15 ppm ultra low sulfur diesel,2021-04-22 00:00:00
highway,2023,PDDXH15.6GEC,VI,DD16,VI,7-15 ppm ultra low sulfur diesel,2022-07-15 00:00:00
highway,2023,PDDXH15.6GEE,VI,DD16,VI,7-15 ppm ultra low sulfur diesel,2022-07-15 00:00:00
highway,2023,PFMXE07.3BW7,PTFHJ0NN,Super Duty,PTFHJ0NN,Gasoline,2022-09-15 00:00:00
highway,2023,PFMXE07.3BW7,PTFHJ0NN,Super Duty,PTFHJ0NN,Gasoline,2022-09-16 00:00:00
highway,2023,PFMXE07.3BWU,PTFHJ0NJ,Super Duty,PTFHJ0NJ,Gasoline,2022-09-15 00:00:00
highway,2023,PFMXE07.3BWU,PTFHJ0NJ,Super Duty,PTFHJ0NJ,Gasoline,2022-09-16 00:00:00
highway,2023,PFMXH06.7C45,PTBCYGNE,4V F-Series,PTBCYGNE,7-15 ppm ultra low sulfur diesel,2022-10-16 00:00:00
highway,2023,PFMXH06.7C45,PTBCYGNE,4V F-Series,PTBCYGNE,7-15 ppm ultra low sulfur diesel,2022-10-18 00:00:00
highway,2023,PFMXH06.7K9C,PTFHTRDX,4V F-Series,PTFHTRDX,7-15 ppm ultra low sulfur diesel,2022-09-17 00:00:00
highway,2023,PFMXH06.7K9C,PTFHTRDX,4V F-Series,PTFHTRDX,7-15 ppm ultra low sulfur diesel,2022-09-20 00:00:00
highway,2023,PFMXH06.7P4A,PTFHTRDM,4V F-Series,PTFHTRDM,7-15 ppm ultra low sulfur diesel,2022-09-17 00:00:00
highway,2023,PFMXH06.7P4A,PTFHTRDM,4V F-Series,PTFHTRDM,7-15 ppm ultra low sulfur diesel,2022-09-20 00:00:00
highway,2023,PFMXH06.7P4B,PTFHTRDN,4V F-Series,PTFHTRDN,7-15 ppm ultra low sulfur diesel,2022-09-17 00:00:00
highway,2023,PFMXH06.7P4B,PTFHTRDN,4V F-Series,PTFHTRDN,7-15 ppm ultra low sulfur diesel,2022-09-20 00:00:00
highway,2023,PFMXH06.7P5C,PTFHTRDF,4V F-Series,PTFHTRDF,7-15 ppm ultra low sulfur diesel,2022-09-17 00:00:00
highway,2023,PFMXH06.7P5C,PTFHTRDF,4V F-Series,PTFHTRDF,7-15 ppm ultra low sulfur diesel,2022-09-20 00:00:00
highway,2023,PGKTE06.0SS6,8,V8,8,Gasoline,2017-07-12 00:00:00
highway,2023,PGKTE08.0SS8,8,V8,8,Gasoline,2017-04-06 00:00:00
highway,2023,PGMXE06.6001,70,L8T,70,Gasoline,2019-10-03 00:00:00
highway,2023,PGMXE06.6002,80,L8T,80,Gasoline,2020-12-28 00:00:00
highway,2023,PGMXE06.6003,75,L8T,75,Gasoline,2022-02-16 00:00:00
highway,2023,PLDRE07.3BW7,LC2E-K,Ford 7.3L V8 2 valve,LC2E-K,Compressed Natural Gas,2023-07-12 00:00:00
highway,2023,PNVXH04020SA,D6.6,350HP,D6.6,7-15 ppm ultra low sulfur diesel,2022-07-12 00:00:00
highway,2023,PNVXH07570SA,G7566,A515,G7566,7-15 ppm ultra low sulfur diesel,2021-08-20 00:00:00
highway,2023,PPCRH10.8C21,443 hp,MX-11_443hp,443 hp,7-15 ppm ultra low sulfur diesel,2020-10-21 00:00:00
highway,2023,PPCRH12.9C21,510 hp,MX-13_510hp,510 hp,7-15 ppm ultra low sulfur diesel,2020-10-21 00:00:00
highway,2023,PPCRH12.9M21,510 hp,MX-13_510hp,510 hp,7-15 ppm ultra low sulfur diesel,2020-10-21 00:00:00
highway,2023,PPSIE08.8GAS,8800GAS,8.8L-NA,8800GAS,Gasoline,2017-09-25 00:00:00
highway,2023,PPSIE08.8LN1,8800LN1,8.8L 270 LN1,8800LN1,Liquefied Petroleum Gas,2020-01-24 00:00:00
highway,2023,PPSIE08.8LPG,Single-Fuel LPG 270,8.8L 270 LPG,Single-Fuel LPG 270,Liquefied Petroleum Gas,2018-04-30 00:00:00
highway,2023,PRIIE07.3BL1,PPF61FSR5,Blue Bird Vision Bus,PPF61FSR5,Liquefied Petroleum Gas,2020-01-03 00:00:00
highway,2023,PRIIE07.3BL3,PPFC1FSR5,Medium Duty Truck,PPFC1FSR5,Liquefied Petroleum Gas,2023-01-18 00:00:00
highway,2023,PRIIE07.3BL3,PPFC1FSR5,Medium Duty Truck,PPFC1FSR5,Liquefied Petroleum Gas,2023-01-19 00:00:00
highway,2023,PRIIE07.3BL5,PPFB1FSR5,Blue Bird Vision Bus,PPFB1FSR5,Liquefied Petroleum Gas,2022-12-14 00:00:00
highway,2023,PRIIE07.3BL5,PPFB1FSR5,Blue Bird Vision Bus,PPFB1FSR5,Liquefied Petroleum Gas,2022-12-16 00:00:00
highway,2023,PRIIE07.3BW7,PPXG10AR5,Blue Bird Vision Bus,PPXG10AR5,Gasoline,2020-03-05 00:00:00
highway,2023,PRIIE07.3BW7,PPXG10AR5,Blue Bird Vision Bus,PPXG10AR5,Gasoline,2020-03-06 00:00:00
highway,2023,PRIIE07.3BW8,PPNG10AR5,Blue Bird Vision Bus,PPNG10AR5,Gasoline,2022-12-01 00:00:00
highway,2023,PRIIE07.3BW8,PPNG10AR5,Blue Bird Vision Bus,PPNG10AR5,Gasoline,2022-12-02 00:00:00
highway,2023,PSZXH05.23FD,523FD-1,4HK1TC,523FD-1,7-15 ppm ultra low sulfur diesel,2021-02-23 00:00:00
highway,2023,PVPTH10.8CA1,F,MP7-395C,F,7-15 ppm ultra low sulfur diesel,2018-05-19 00:00:00
highway,2023,PVPTH10.8EP1,F,MP7-395C,F,7-15 ppm ultra low sulfur diesel,2018-05-19 00:00:00
highway,2023,PVPTH12.8CA1,SE,D13N-500,SE,7-15 ppm ultra low sulfur diesel,2021-12-04 00:00:00
highway,2023,PVPTH12.8CA2,TC,D13N-455,TC,7-15 ppm ultra low sulfur diesel,2020-05-01 00:00:00
highway,2023,PVPTH12.8EP1,SE,D13N-500,SE,7-15 ppm ultra low sulfur diesel,2021-12-04 00:00:00
highway,2023,PVPTH12.8EP2,TC,D13N-455,TC,7-15 ppm ultra low sulfur diesel,2020-05-01 00:00:00
highway,2022,NAGIE06.0CNG,6LCNG,6.0L 2V CNG,6LCNG,Compressed Natural Gas,2020-07-22 00:00:00
highway,2022,NAGIE07.3CNG,BW7-CNG,7.3L V8 CNG,BW7-CNG,Compressed Natural Gas,2022-04-26 00:00:00
highway,2022,NAGIE07.3LPG,BW7-LPG,7.3L V8 LPG,BW7-LPG,Propane,2022-05-06 00:00:00
highway,2022,NBAFE06.6BNG,MISUZ-1,HDE-6.6L,MISUZ-1,Compressed Natural Gas,2022-01-31 00:00:00
highway,2022,NBAFE06.6CNG,MISUZ-1,HDE-6.6L,MISUZ-1,Compressed Natural Gas,2022-01-31 00:00:00
highway,2022,NBAFE07.3BNG,LC2E-K,EF-7.3L,LC2E-K,Compressed Natural Gas,2020-01-21 00:00:00
highway,2022,NBAFE07.3BW7,LC2E-K,EF-7.3L,LC2E-K,Compressed Natural Gas,2020-01-21 00:00:00
highway,2022,NBLME06.6001,MISUZ-1,GMHDE-6.6001,MISUZ-1,Liquefied Petroleum Gas,2022-01-19 00:00:00
highway,2022,NCEXH0408BCA,BM1,B6.7 360,BM1,7-15 ppm ultra low sulfur diesel,2020-03-22 00:00:00
highway,2022,NCEXH0408BCA,BM3,B6.7 325,BM3,7-15 ppm ultra low sulfur diesel,2020-04-02 00:00:00
highway,2022,NCEXH0408BCB,BMH2,B6.7 280H,BMH2,7-15 ppm ultra low sulfur diesel,2020-04-01 00:00:00
highway,2022,NCEXH0408BCC,BCCM1,B6.7 360,BCCM1,7-15 ppm ultra low sulfur diesel,2021-03-16 00:00:00
highway,2022,NCEXH0408BCC,BCCM1,B6.7 360,BCCM1,7-15 ppm ultra low sulfur diesel,2021-03-20 00:00:00
highway,2022,NCEXH0408BCD,BCDM1,B6.7 360,BCDM1,7-15 ppm ultra low sulfur diesel,2021-03-16 00:00:00
highway,2022,NCEXH0408BCD,BCDM1,B6.7 360,BCDM1,7-15 ppm ultra low sulfur diesel,2021-03-20 00:00:00
highway,2022,NCEXH0408BDA,BM1,B6.7N 240,BM1,Compressed Natural Gas,2019-07-30 00:00:00
highway,2022,NCEXH0540LCA,LM1,L9 450,LM1,7-15 ppm ultra low sulfur diesel,2020-04-22 00:00:00
highway,2022,NCEXH0540LCA,LM3,L9 380,LM3,7-15 ppm ultra low sulfur diesel,2020-04-22 00:00:00
highway,2022,NCEXH0540LCB,LUB1,L9 350,LUB1,7-15 ppm ultra low sulfur diesel,2020-06-13 00:00:00
highway,2022,NCEXH0540LCC,LUB1,L9 350,LUB1,7-15 ppm ultra low sulfur diesel,2020-06-13 00:00:00
highway,2022,NCEXH0540LDA,LM1,L9N 320,LM1,Compressed Natural Gas,2015-07-25 00:00:00
highway,2022,NCEXH0540LDB,LU1,L9N 320,LU1,Compressed Natural Gas,2015-07-25 00:00:00
highway,2022,NCEXH0540LDC,LH1,L9N 320,LH1,Compressed Natural Gas,2015-07-25 00:00:00
highway,2022,NCEXH0721XCA,XH13,X12 455,XH13,7-15 ppm ultra low sulfur diesel,2020-05-19 00:00:00
highway,2022,NCEXH0721XCA,XH27,X12 500,XH27,7-15 ppm ultra low sulfur diesel,2020-05-19 00:00:00
highway,2022,NCEXH0729XDA,XH1,ISX12N 400,XH1,Compressed Natural Gas,2017-08-31 00:00:00
highway,2022,NCEXH0912XCA,XH18,X15 500,XH18,7-15 ppm ultra low sulfur diesel,2020-04-03 00:00:00
highway,2022,NCEXH0912XCB,XH8,X15 565,XH8,7-15 ppm ultra low sulfur diesel,2020-04-23 00:00:00
highway,2022,NCEXH0912XCC,XH2,X15 605V,XH2,7-15 ppm ultra low sulfur diesel,2020-04-16 00:00:00
highway,2022,NCRXE06.45Y6,AA-800,6.4L BGE,AA-800,Gasoline,2021-04-30 00:00:00
highway,2022,NDDXH07.7MDC,V,DD8-F,V,7-15 ppm ultra low sulfur diesel,2019-07-19 00:00:00
highway,2022,NDDXH07.7MDC,VI,DD8-F,VI,7-15 ppm ultra low sulfur diesel,2019-07-22 00:00:00
highway,2022,NDDXH07.7MDE,V,DD8-F,V,7-15 ppm ultra low sulfur diesel,2019-07-19 00:00:00
highway,2022,NDDXH07.7MDE,VI,DD8-F,VI,7-15 ppm ultra low sulfur diesel,2019-07-22 00:00:00
highway,2022,NDDXH12.8FEC,XXII,DD13,XXII,7-15 ppm ultra low sulfur diesel,2019-06-06 00:00:00
highway,2022,NDDXH12.8FEC,XII,DD13,XII,7-15 ppm ultra low sulfur diesel,2019-11-07 00:00:00
highway,2022,NDDXH12.8FEE,XXII,DD13,XXII,7-15 ppm ultra low sulfur diesel,2019-06-06 00:00:00
highway,2022,NDDXH12.8FEE,XII,DD13,XII,7-15 ppm ultra low sulfur diesel,2019-11-07 00:00:00
highway,2022,NDDXH12.8TCC,XIV,DD13TCO/HP,XIV,7-15 ppm ultra low sulfur diesel,2021-05-28 00:00:00
highway,2022,NDDXH12.8TCE,XIV,DD13TCO/HP,XIV,7-15 ppm ultra low sulfur diesel,2021-06-06 00:00:00
highway,2022,NDDXH14.8TCC,VIII,DD15TCO,VIII,7-15 ppm ultra low sulfur diesel,2021-04-16 00:00:00
highway,2022,NDDXH14.8TCE,VIII,DD15TCO,VIII,7-15 ppm ultra low sulfur diesel,2021-04-14 00:00:00
highway,2022,NDDXH15.6GEC,VI,DD16,VI,7-15 ppm ultra low sulfur diesel,2021-09-24 00:00:00
highway,2022,NDDXH15.6GEE,VI,DD16,VI,7-15 ppm ultra low sulfur diesel,2021-09-24 00:00:00
highway,2022,NFMXE07.3BV2,NTE4K0NF,E-Series,NTE4K0NF,Ethanol,2020-09-19 00:00:00
highway,2022,NFMXE07.3BV2,NTE4K0NF,E-Series,NTE4K0NF,Ethanol,2020-09-21 00:00:00
highway,2022,NFMXE07.3BW7,NTY3J0NV,Commercial Stripped,NTY3J0NV,Gasoline,2020-09-18 00:00:00
highway,2022,NFMXE07.3BWU,NTFEJ0NJ,Super Duty,NTFEJ0NJ,Gasoline,2020-09-18 00:00:00
highway,2022,NFMXE07.3BX4,NTE4J0NJ,E-Series,NTE4J0NJ,Ethanol,2020-09-19 00:00:00
highway,2022,NFMXE07.3BX4,NTE4J0NJ,E-Series,NTE4J0NJ,Ethanol,2020-09-21 00:00:00
highway,2022,NFMXH06.7C45,NTBCYENA,4V F-Series,NTBCYENA,7-15 ppm ultra low sulfur diesel,2019-07-30 00:00:00
highway,2022,NFMXH06.7C45,NTBCYENA,4V F-Series,NTBCYENA,7-15 ppm ultra low sulfur diesel,2019-07-31 00:00:00
highway,2022,NFMXH06.7C45,NTBCYENA,4V F-Series,NTBCYENA,7-15 ppm ultra low sulfur diesel,2019-09-18 00:00:00
highway,2022,NFMXH06.7P4A,NTFETRDM,4V F-Series,NTFETRDM,7-15 ppm ultra low sulfur diesel,2019-10-12 00:00:00
highway,2022,NFMXH06.7P4A,NTFETRDM,4V F-Series,NTFETRDM,7-15 ppm ultra low sulfur diesel,2019-10-16 00:00:00
highway,2022,NFMXH06.7P4B,NTFETRDN,4V F-Series,NTFETRDN,7-15 ppm ultra low sulfur diesel,2019-10-12 00:00:00
highway,2022,NFMXH06.7P4B,NTFETRDN,4V F-Series,NTFETRDN,7-15 ppm ultra low sulfur diesel,2019-10-16 00:00:00
highway,2022,NFMXH06.7P5C,NTFETRDX,4V F-Series,NTFETRDX,7-15 ppm ultra low sulfur diesel,2019-10-12 00:00:00
highway,2022,NFMXH06.7P5C,NTFETRDX,4V F-Series,NTFETRDX,7-15 ppm ultra low sulfur diesel,2019-10-16 00:00:00
highway,2022,NGKTE06.0GM2,8,V8,8,Compressed Natural Gas,2011-11-07 00:00:00
highway,2022,NGKTE06.0SS6,8,V8,8,Gasoline,2017-07-12 00:00:00
highway,2022,NGKTE08.0GM2,8,V8,8,Compressed Natural Gas,2015-01-08 00:00:00
highway,2022,NGKTE08.0PRO,8,V8,8,Propane,2015-01-02 00:00:00
highway,2022,NGKTE08.0SS8,8,V8,8,Gasoline,2017-04-06 00:00:00
highway,2022,NGMXE06.6001,70,L8T,70,Gasoline,2019-10-03 00:00:00
highway,2022,NGMXE06.6002,80,L8T,80,Gasoline,2020-12-28 00:00:00
highway,2022,NLDRE07.3BW7,LC2E-K,Ford 7.3L V8 2 valve,LC2E-K,Compressed Natural Gas,2020-01-23 00:00:00
highway,2022,NNVXH04020SA,D6.6,350HP,D6.6,7-15 ppm ultra low sulfur diesel,2020-06-12 00:00:00
highway,2022,NNVXH07570SA,G7566,A515,G7566,7-15 ppm ultra low sulfur diesel,2021-08-20 00:00:00
highway,2022,NPCRH10.8C21,443 hp,MX-11 330,443 hp,7-15 ppm ultra low sulfur diesel,2020-10-21 00:00:00
highway,2022,NPCRH10.8M21,443 hp,MX-11 330,443 hp,7-15 ppm ultra low sulfur diesel,2020-10-21 00:00:00
highway,2022,NPCRH12.9C21,510 hp,MX-13 380,510 hp,7-15 ppm ultra low sulfur diesel,2020-10-21 00:00:00
highway,2022,NPCRH12.9M21,510 hp,MX-13 380,510 hp,7-15 ppm ultra low sulfur diesel,2020-10-21 00:00:00
highway,2022,NPSIE08.8GAS,8800GAS,8.8L-NA,8800GAS,Gasoline,2017-09-25 00:00:00
highway,2022,NPSIE08.8LN1,8800LN1,8.8L 270 LN1,8800LN1,Liquefied Petroleum Gas,2020-01-24 00:00:00
highway,2022,NPSIE08.8LPG,Single-Fuel LPG 270,8.8L 270 LPG,Single-Fuel LPG 270,Liquefied Petroleum Gas,2018-04-30 00:00:00
highway,2022,NRIIE07.3BL1,NNF61FSR5,Blue Bird Vision Bus,NNF61FSR5,Liquefied Petroleum Gas,2020-01-03 00:00:00
highway,2022,NRIIE07.3BL2,NNFB1FSR5,Blue Bird Vision Bus,NNFB1FSR5,Liquefied Petroleum Gas,2021-09-20 00:00:00
highway,2022,NRIIE07.3BL3,NNFA1FPR5,Super Duty Truck,NNFA1FPR5,Liquefied Petroleum Gas,2020-10-28 00:00:00
highway,2022,NRIIE07.3BW7,NNXG10AR5,Blue Bird Vision Bus,NNXG10AR5,Gasoline,2020-03-05 00:00:00
highway,2022,NRIIE07.3BW7,NNXG10AR5,Blue Bird Vision Bus,NNXG10AR5,Gasoline,2020-03-06 00:00:00
highway,2022,NRIIE07.3BWU,NNE31FHR5,E-Series,NNE31FHR5,Liquefied Petroleum Gas,2020-10-28 00:00:00
highway,2022,NSZXH05.23FD,523FD-1,4HK1TC,523FD-1,7-15 ppm ultra low sulfur diesel,2021-02-23 00:00:00
highway,2022,NVPTH10.8CA1,F,MP7-395C,F,7-15 ppm ultra low sulfur diesel,2018-05-19 00:00:00
highway,2022,NVPTH10.8EP1,F,MP7-395C,F,7-15 ppm ultra low sulfur diesel,2018-05-19 00:00:00
highway,2022,NVPTH12.8CA1,SE,D13N-500,SE,7-15 ppm ultra low sulfur diesel,2021-12-04 00:00:00
highway,2022,NVPTH12.8CA2,TC,D13N-455,TC,7-15 ppm ultra low sulfur diesel,2020-05-01 00:00:00
highway,2022,NVPTH12.8EP1,SE,D13N-500,SE,7-15 ppm ultra low sulfur diesel,2021-12-04 00:00:00
highway,2022,NVPTH12.8EP2,TC,D13N-455,TC,7-15 ppm ultra low sulfur diesel,2020-05-01 00:00:00
highway,2021,MAGIE06.0CNG,6LCNG,6.0L 2V CNG,6LCNG,Compressed Natural Gas,2020-07-22 00:00:00
highway,2021,MAGIE08.0LP1,Single-Fuel LPG,Agility 488LPI-196,Single-Fuel LPG,Liquefied Petroleum Gas,2020-01-03 00:00:00
highway,2021,MAGIE08.0LPG,Single-Fuel LPG,Agility 488LPI,Single-Fuel LPG,Liquefied Petroleum Gas,2013-02-23 00:00:00
highway,2021,MBAFE07.3BNG,LC2E-K,EF-7.3L,LC2E-K,Compressed Natural Gas,2020-01-21 00:00:00
highway,2021,MBAFE07.3BW7,LC2E-K,EF-7.3L,LC2E-K,Compressed Natural Gas,2020-01-21 00:00:00
highway,2021,MCEXH0408BAT,BM1,B6.7 360,BM1,7-15 ppm ultra low sulfur diesel,2017-10-05 00:00:00
highway,2021,MCEXH0408BAT,BM3,B6.7 325,BM3,7-15 ppm ultra low sulfur diesel,2017-10-14 00:00:00
highway,2021,MCEXH0408BCA,BM1,B6.7 360,BM1,7-15 ppm ultra low sulfur diesel,2020-03-22 00:00:00
highway,2021,MCEXH0408BCA,BM3,B6.7 325,BM3,7-15 ppm ultra low sulfur diesel,2020-04-02 00:00:00
highway,2021,MCEXH0408BCB,BMH2,B6.7 280H,BMH2,7-15 ppm ultra low sulfur diesel,2020-04-01 00:00:00
highway,2021,MCEXH0408BCC,BCCM1,B6.7 360,BCCM1,7-15 ppm ultra low sulfur diesel,2018-01-17 00:00:00
highway,2021,MCEXH0408BCD,BCDM1,B6.7 360,BCDM1,7-15 ppm ultra low sulfur diesel,2018-01-17 00:00:00
highway,2021,MCEXH0408BDA,BM1,B6.7N 240,BM1,Compressed Natural Gas,2019-07-30 00:00:00
highway,2021,MCEXH0540LCA,LM1,L9 450,LM1,7-15 ppm ultra low sulfur diesel,2020-04-22 00:00:00
highway,2021,MCEXH0540LCA,LM3,L9 380,LM3,7-15 ppm ultra low sulfur diesel,2020-04-22 00:00:00
highway,2021,MCEXH0540LCB,LUB1,L9 350,LUB1,7-15 ppm ultra low sulfur diesel,2020-06-13 00:00:00
highway,2021,MCEXH0540LDA,LM1,L9N 320,LM1,Compressed Natural Gas,2015-07-25 00:00:00
highway,2021,MCEXH0540LDB,LU1,L9N 320,LU1,Compressed Natural Gas,2015-07-25 00:00:00
highway,2021,MCEXH0540LDC,LH1,L9N 320,LH1,Compressed Natural Gas,2015-07-25 00:00:00
highway,2021,MCEXH0721XCA,XH13,X12 455,XH13,7-15 ppm ultra low sulfur diesel,2020-05-19 00:00:00
highway,2021,MCEXH0721XCA,XH27,X12 500,XH27,7-15 ppm ultra low sulfur diesel,2020-05-19 00:00:00
highway,2021,MCEXH0729XDA,XH1,ISX12N 400,XH1,Compressed Natural Gas,2017-08-31 00:00:00
highway,2021,MCEXH0912XCA,XH18,X15 500,XH18,7-15 ppm ultra low sulfur diesel,2020-04-03 00:00:00
highway,2021,MCEXH0912XCB,XH8,X15 565,XH8,7-15 ppm ultra low sulfur diesel,2020-04-23 00:00:00
highway,2021,MCEXH0912XCC,XH2,X15 605V,XH2,7-15 ppm ultra low sulfur diesel,2020-04-16 00:00:00
highway,2021,MCRXE06.45Y6,AA-400,6.4L BGE,AA-400,Gasoline,2020-07-23 00:00:00
highway,2021,MDDXH07.7MDE,V,DD8-F,V,7-15 ppm ultra low sulfur diesel,2019-07-19 00:00:00
highway,2021,MDDXH07.7MDE,VI,DD8-F,VI,7-15 ppm ultra low sulfur diesel,2019-07-22 00:00:00
highway,2021,MDDXH12.8FED,XXII,DD13,XXII,7-15 ppm ultra low sulfur diesel,2019-06-06 00:00:00
highway,2021,MDDXH12.8FED,XII,DD13,XII,7-15 ppm ultra low sulfur diesel,2019-11-07 00:00:00
highway,2021,MDDXH14.8EAD,VI,DD15AT,VI,7-15 ppm ultra low sulfur diesel,2019-04-09 00:00:00
highway,2021,MDDXH14.8TCO,XI,DD15TCO,XI,7-15 ppm ultra low sulfur diesel,2020-06-22 00:00:00
highway,2021,MDDXH14.8TCO,VIII,DD15TCO,VIII,7-15 ppm ultra low sulfur diesel,2020-06-24 00:00:00
highway,2021,MDDXH15.6GED,V,DD16,V,7-15 ppm ultra low sulfur diesel,2020-09-12 00:00:00
highway,2021,MFMXE07.3BV2,MTE4J0NF,E-Series,MTE4J0NF,Ethanol,2020-09-19 00:00:00
highway,2021,MFMXE07.3BV2,MTE4J0NF,E-Series,MTE4J0NF,Ethanol,2020-09-21 00:00:00
highway,2021,MFMXE07.3BW7,MTY3J0NV,Commercial Stripped,MTY3J0NV,Gasoline,2020-09-18 00:00:00
highway,2021,MFMXE07.3BWU,MTFEJ0NJ,Super Duty,MTFEJ0NJ,Gasoline,2020-09-18 00:00:00
highway,2021,MFMXE07.3BX4,MTE4J0NJ,E-Series,MTE4J0NJ,Ethanol,2020-09-21 00:00:00
highway,2021,MFMXE07.3BX4,MTE4J0NJ,E-Series,MTE4J0NJ,Ethanol,2020-10-06 00:00:00
highway,2021,MFMXH06.7C45,MTBCYENA,4V F-Series,MTBCYENA,7-15 ppm ultra low sulfur diesel,2019-07-30 00:00:00
highway,2021,MFMXH06.7C45,MTBCYENA,4V F-Series,MTBCYENA,7-15 ppm ultra low sulfur diesel,2019-07-31 00:00:00
highway,2021,MFMXH06.7C45,MTBCYENA,4V F-Series,MTBCYENA,7-15 ppm ultra low sulfur diesel,2019-09-18 00:00:00
highway,2021,MFMXH06.7P4A,MTFETRDM,4V F-Series,MTFETRDM,7-15 ppm ultra low sulfur diesel,2019-10-12 00:00:00
highway,2021,MFMXH06.7P4A,MTFETRDM,4V F-Series,MTFETRDM,7-15 ppm ultra low sulfur diesel,2019-10-16 00:00:00
highway,2021,MFMXH06.7P4B,MTFETRDN,4V F-Series,MTFETRDN,7-15 ppm ultra low sulfur diesel,2019-10-12 00:00:00
highway,2021,MFMXH06.7P4B,MTFETRDN,4V F-Series,MTFETRDN,7-15 ppm ultra low sulfur diesel,2019-10-16 00:00:00
highway,2021,MFMXH06.7P5C,MTFETRDX,4V F-Series,MTFETRDX,7-15 ppm ultra low sulfur diesel,2019-10-12 00:00:00
highway,2021,MFMXH06.7P5C,MTFETRDX,4V F-Series,MTFETRDX,7-15 ppm ultra low sulfur diesel,2019-10-16 00:00:00
highway,2021,MGKTE06.0GM2,8,V8,8,Compressed Natural Gas,2011-11-07 00:00:00
highway,2021,MGKTE06.0SS6,8,V8,8,Gasoline,2017-07-12 00:00:00
highway,2021,MGKTE08.0GM2,8,V8,8,Compressed Natural Gas,2015-01-08 00:00:00
highway,2021,MGKTE08.0PRO,8,V8,8,Propane,2015-01-02 00:00:00
highway,2021,MGKTE08.0SS8,8,V8,8,Gasoline,2017-04-06 00:00:00
highway,2021,MGMXE06.6001,70,L8T,70,Gasoline,2019-10-03 00:00:00
highway,2021,MLDRE07.3BW7,LC2E-K,Ford 7.3L V8 2 valve,LC2E-K,Compressed Natural Gas,2020-01-23 00:00:00
highway,2021,MNGCH0466AEA,D260,DT466,D260,Compressed Natural Gas,2012-09-06 00:00:00
highway,2021,MNVXH04020SA,D6.6,350HP,D6.6,7-15 ppm ultra low sulfur diesel,2020-06-12 00:00:00
highway,2021,MNVXH07570SA,G7067,A500,G7067,7-15 ppm ultra low sulfur diesel,2020-10-16 00:00:00
highway,2021,MPCRH10.8M01,430 hp,MX-11 321 E MT,430 hp,7-15 ppm ultra low sulfur diesel,2018-12-07 00:00:00
highway,2021,MPCRH10.8M21,443 hp,MX-11 330,443 hp,7-15 ppm ultra low sulfur diesel,2020-10-21 00:00:00
highway,2021,MPCRH12.9M01,455 hp,MX-13 342 E MT,455 hp,7-15 ppm ultra low sulfur diesel,2019-02-15 00:00:00
highway,2021,MPCRH12.9M02,510 hp,MX-13 380 E,510 hp,7-15 ppm ultra low sulfur diesel,2018-05-03 00:00:00
highway,2021,MPCRH12.9M21,510 hp,MX-13 380,510 hp,7-15 ppm ultra low sulfur diesel,2020-10-21 00:00:00
highway,2021,MPSIE08.8GAS,8800GAS,8.8L-NA,8800GAS,Gasoline,2017-09-25 00:00:00
highway,2021,MPSIE08.8LN1,8800LN1,8.8L 270 LN1,8800LN1,Liquefied Petroleum Gas,2020-01-24 00:00:00
highway,2021,MPSIE08.8LPG,Single-Fuel LPG 270,8.8L 270 LPG,Single-Fuel LPG 270,Liquefied Petroleum Gas,2018-04-30 00:00:00
highway,2021,MRIIE07.3BL1,MMF61FSR5,Blue Bird Vision Bus,MMF61FSR5,Liquefied Petroleum Gas,2020-01-03 00:00:00
highway,2021,MRIIE07.3BL3,MMF41FSR5,Commercial,MMF41FSR5,Liquefied Petroleum Gas,2020-10-26 00:00:00
highway,2021,MRIIE07.3BL3,MMF41FSR5,Commercial,MMF41FSR5,Liquefied Petroleum Gas,2020-10-28 00:00:00
highway,2021,MRIIE07.3BW7,MMXG10AR5,Blue Bird Vision Bus,MMXG10AR5,Gasoline,2020-03-05 00:00:00
highway,2021,MRIIE07.3BW7,MMXG10AR5,Blue Bird Vision Bus,MMXG10AR5,Gasoline,2020-03-06 00:00:00
highway,2021,MRIIE07.3BWU,MME31FHR5,E-Series,MME31FHR5,Liquefied Petroleum Gas,2020-10-28 00:00:00
highway,2021,MRIIE07.3BWX,LLE31FHR5,E-Series,LLE31FHR5,Liquefied Petroleum Gas,2020-01-03 00:00:00
highway,2021,MSZXH05.23FA,523FA-1,4HK1TC,523FA-1,7-15 ppm ultra low sulfur diesel,2014-11-02 00:00:00
highway,2021,MSZXH05.23FA,523FA-1,4HK1TC,523FA-1,7-15 ppm ultra low sulfur diesel,2019-12-03 00:00:00
highway,2021,MSZXH05.23FD,523FD-1,4HK1TC,523FD-1,7-15 ppm ultra low sulfur diesel,2021-02-23 00:00:00
highway,2021,MTQSE06.0GAS,L96,50,L96,Gasoline,2016-12-02 00:00:00
highway,2021,MVPTH10.8G01,F,MP7-395C,F,7-15 ppm ultra low sulfur diesel,2018-05-19 00:00:00
highway,2021,MVPTH12.8G01,F,MP8-505C,F,7-15 ppm ultra low sulfur diesel,2018-06-07 00:00:00
highway,2021,MVPTH12.8G02,TC,D13N-455,TC,7-15 ppm ultra low sulfur diesel,2020-05-01 00:00:00
highway,2020,LAGIE06.0584,EL3-584,6.0L 2V CNG,EL3-584,Compressed Natural Gas,2016-04-19 00:00:00
highway,2020,LAGIE06.8BW6,EL3-HBW6,6.8L 3 Valve CNG,EL3-HBW6,Compressed Natural Gas,2019-07-03 00:00:00
highway,2020,LAGIE06.8BWZ,EL3-BWZ,6.8L 2 Valve CNG,EL3-BWZ,Compressed Natural Gas,2015-04-03 00:00:00
highway,2020,LAGIE08.0LPG,Single-Fuel LPG,Agility 488LPI,Single-Fuel LPG,Liquefied Petroleum Gas,2013-02-23 00:00:00
highway,2020,LBAFE07.3BW7,LC2E-K,EF-7.3L,LC2E-K,Compressed Natural Gas,2020-01-21 00:00:00
highway,2020,LBLME07.3BW7,L733VR01,7.3L,L733VR01,Liquefied Petroleum Gas,2020-07-14 00:00:00
highway,2020,LCEXH0408BAT,4660;FR94746,B6.7 360,4660;FR94746,7-15 ppm ultra low sulfur diesel,2017-10-04 00:00:00
highway,2020,LCEXH0408BAT,4660;FR94744,B6.7 325,4660;FR94744,7-15 ppm ultra low sulfur diesel,2017-10-05 00:00:00
highway,2020,LCEXH0408BAV,4568;FR94740,B6.7 280H,4568;FR94740,7-15 ppm ultra low sulfur diesel,2016-03-15 00:00:00
highway,2020,LCEXH0408BAW,4548;FR94716,B6.7 360,4548;FR94716,7-15 ppm ultra low sulfur diesel,2018-01-17 00:00:00
highway,2020,LCEXH0408BAX,4547;FR94715,B6.7 360,4547;FR94715,7-15 ppm ultra low sulfur diesel,2018-01-17 00:00:00
highway,2020,LCEXH0408BBC,5679;FR97192,B6.7N 240,5679;FR97192,Compressed Natural Gas,2019-07-30 00:00:00
highway,2020,LCEXH0540LAT,4760;FR95192,L9 330,4760;FR95192,7-15 ppm ultra low sulfur diesel,2012-06-12 00:00:00
highway,2020,LCEXH0540LAT,4760;FR95192,L9 330,4760;FR95192,7-15 ppm ultra low sulfur diesel,2017-11-07 00:00:00
highway,2020,LCEXH0540LAX,4758;FR95181,L9 450,4758;FR95181,7-15 ppm ultra low sulfur diesel,2016-03-14 00:00:00
highway,2020,LCEXH0540LAX,4758;FR95184,L9 380,4758;FR95184,7-15 ppm ultra low sulfur diesel,2016-03-17 00:00:00
highway,2020,LCEXH0540LAX,4758;FR95181,L9 450,4758;FR95181,7-15 ppm ultra low sulfur diesel,2018-09-18 00:00:00
highway,2020,LCEXH0540LAX,4758;FR95184,L9 380,4758;FR95184,7-15 ppm ultra low sulfur diesel,2018-09-19 00:00:00
highway,2020,LCEXH0540LBL,4897;FR95631,L9N,4897;FR95631,Compressed Natural Gas,2015-07-25 00:00:00
highway,2020,LCEXH0540LBM,4897;FR95950,L9N,4897;FR95950,Compressed Natural Gas,2015-07-25 00:00:00
highway,2020,LCEXH0540LBN,4897;FR95631,L9N,4897;FR95631,Compressed Natural Gas,2015-07-25 00:00:00
highway,2020,LCEXH0721XAG,5580;FR21178,X12 455,5580;FR21178,7-15 ppm ultra low sulfur diesel,2017-06-06 00:00:00
highway,2020,LCEXH0721XAG,5580;FR21180,X12 475,5580;FR21180,7-15 ppm ultra low sulfur diesel,2017-06-06 00:00:00
highway,2020,LCEXH0729XBC,4875;FR20866,ISX12N 400,4875;FR20866,Compressed Natural Gas,2017-08-31 00:00:00
highway,2020,LCEXH0912XAX,4343;FR11936,X15 605V,4343;FR11936,7-15 ppm ultra low sulfur diesel,2016-02-24 00:00:00
highway,2020,LCEXH0912XAZ,5348;FR11734,X15 500,5348;FR11734,7-15 ppm ultra low sulfur diesel,2019-11-20 00:00:00
highway,2020,LCRXE06.45Y6,AA-400,6.4L BGE,AA-400,Gasoline,2019-12-19 00:00:00
highway,2020,LDDXH07.7MDE,V,DD8-F,V,7-15 ppm ultra low sulfur diesel,2019-07-19 00:00:00
highway,2020,LDDXH07.7MDE,VI,DD8-F,VI,7-15 ppm ultra low sulfur diesel,2019-07-22 00:00:00
highway,2020,LDDXH12.8FED,XXII,DD13,XXII,7-15 ppm ultra low sulfur diesel,2019-06-06 00:00:00
highway,2020,LDDXH12.8FED,XII,DD13,XII,7-15 ppm ultra low sulfur diesel,2019-11-07 00:00:00
highway,2020,LDDXH14.8EAD,VI,DD15,VI,7-15 ppm ultra low sulfur diesel,2019-04-09 00:00:00
highway,2020,LDDXH15.6GED,V,DD16,V,7-15 ppm ultra low sulfur diesel,2019-05-07 00:00:00
highway,2020,LFMXE07.3BW7,LTFEJ0NN,Super Duty Truck,LTFEJ0NN,Gasoline,2019-09-18 00:00:00
highway,2020,LFMXE07.3BW7,LTFEJ0NN,Super Duty Truck,LTFEJ0NN,Gasoline,2019-09-19 00:00:00
highway,2020,LFMXE07.3BWU,LTFEJ0NJ,Superduty Truck,LTFEJ0NJ,Gasoline,2019-09-18 00:00:00
highway,2020,LFMXE07.3BWU,LTFEJ0NJ,Superduty Truck,LTFEJ0NJ,Gasoline,2019-09-19 00:00:00
highway,2020,LFMXH06.7C45,LTBCYENA,4V F-Series,LTBCYENA,7-15 ppm ultra low sulfur diesel,2019-07-30 00:00:00
highway,2020,LFMXH06.7C45,LTBCYENA,4V F-Series,LTBCYENA,7-15 ppm ultra low sulfur diesel,2019-07-31 00:00:00
highway,2020,LFMXH06.7C45,LTBCYENA,4V F-Series,LTBCYENA,7-15 ppm ultra low sulfur diesel,2019-09-18 00:00:00
highway,2020,LFMXH06.7P4A,LTFETRDM,4V F-Series,LTFETRDM,7-15 ppm ultra low sulfur diesel,2019-10-12 00:00:00
highway,2020,LFMXH06.7P4A,LTFETRDM,4V F-Series,LTFETRDM,7-15 ppm ultra low sulfur diesel,2019-10-16 00:00:00
highway,2020,LFMXH06.7P4B,LTFETRDN,4V F-Series,LTFETRDN,7-15 ppm ultra low sulfur diesel,2019-10-12 00:00:00
highway,2020,LFMXH06.7P4B,LTFETRDN,4V F-Series,LTFETRDN,7-15 ppm ultra low sulfur diesel,2019-10-16 00:00:00
highway,2020,LFMXH06.7P5C,LTFETRDX,4V F-Series,LTFETRDX,7-15 ppm ultra low sulfur diesel,2019-10-12 00:00:00
highway,2020,LFMXH06.7P5C,LTFETRDX,4V F-Series,LTFETRDX,7-15 ppm ultra low sulfur diesel,2019-10-16 00:00:00
highway,2020,LGMXE06.0584,10,L96,10,Gasoline,2018-10-09 00:00:00
highway,2020,LGMXE06.6001,70,L8T,70,Gasoline,2019-10-03 00:00:00
highway,2020,LLDRE07.3BW7,LC2E-K,Ford 7.3L V8 2 valve,LC2E-K,Compressed Natural Gas,2020-01-23 00:00:00
highway,2020,LNGCH0466AEA,D260,DT466,D260,Compressed Natural Gas,2012-09-06 00:00:00
highway,2020,LNVXH04020SA,D6.6,350HP,D6.6,7-15 ppm ultra low sulfur diesel,2018-07-18 00:00:00
highway,2020,LNVXH07570SA,G7067,A500,G7067,7-15 ppm ultra low sulfur diesel,2018-12-18 00:00:00
highway,2020,LPCRH10.8M01,430 hp,MX-11 320 E,430 hp,7-15 ppm ultra low sulfur diesel,2018-07-12 00:00:00
highway,2020,LPCRH12.9M01,455 hp,MX-13 342 E MT,455 hp,7-15 ppm ultra low sulfur diesel,2019-02-15 00:00:00
highway,2020,LPCRH12.9M02,510 hp,MX-13 380 E,510 hp,7-15 ppm ultra low sulfur diesel,2018-05-03 00:00:00
highway,2020,LPRLE06.05P0,70,L96,70,Liquefied Petroleum Gas,2014-11-12 00:00:00
highway,2020,LPRLE06.05P0,75,LC8,75,Liquefied Petroleum Gas,2014-11-12 00:00:00
highway,2020,LPRLE06.05P0,80,L96,80,Liquefied Petroleum Gas,2014-11-12 00:00:00
highway,2020,LPRLE06.05P0,85,LC8,85,Liquefied Petroleum Gas,2014-11-12 00:00:00
highway,2020,LPSIE06.0GAS,L96,50,L96,Gasoline,2016-12-02 00:00:00
highway,2020,LPSIE08.8GAS,8800GAS,8.8L-NA,8800GAS,Gasoline,2017-09-25 00:00:00
highway,2020,LPSIE08.8LN1,8800LN1,8.8L 270 LN1,8800LN1,Liquefied Petroleum Gas,2020-01-24 00:00:00
highway,2020,LPSIE08.8LPG,Single-Fuel LPG 270,8.8L 270 LPG,Single-Fuel LPG 270,Liquefied Petroleum Gas,2018-04-30 00:00:00
highway,2020,LRIIE06.8BW2,LLFB18BR5,Blue Bird Vision Bus,LLFB18BR5,Liquefied Petroleum Gas,2018-04-08 00:00:00
highway,2020,LRIIE06.8BWL,LLF618BR5,Blue Bird Vision Bus,LLF618BR5,Liquefied Petroleum Gas,2017-08-28 00:00:00
highway,2020,LRIIE07.3BL1,LLFA1FPR5,Super Duty Truck,LLFA1FPR5,Liquefied Petroleum Gas,2020-01-03 00:00:00
highway,2020,LRIIE07.3BW7,LLXG10AR5,Blue Bird Vision Bus,LLXG10AR5,Gasoline,2020-03-05 00:00:00
highway,2020,LRIIE07.3BW7,LLXG10AR5,Blue Bird Vision Bus,LLXG10AR5,Gasoline,2020-03-06 00:00:00
highway,2020,LRIIE07.3BWU,LLE31FHR5,E-Series,LLE31FHR5,Liquefied Petroleum Gas,2020-01-03 00:00:00
highway,2020,LSZXH05.23FA,523FA-1,4HK1TC,523FA-1,7-15 ppm ultra low sulfur diesel,2014-11-02 00:00:00
highway,2020,LSZXH05.23FA,523FA-1,4HK1TC,523FA-1,7-15 ppm ultra low sulfur diesel,2019-12-03 00:00:00
highway,2020,LSZXH05.23FC,523FC-1,4HK1TC,523FC-1,7-15 ppm ultra low sulfur diesel,2019-07-18 00:00:00
highway,2020,LVPTH10.8G01,F,MP7-395C,F,7-15 ppm ultra low sulfur diesel,2018-05-19 00:00:00
highway,2020,LVPTH12.8G01,F,MP8-505C,F,7-15 ppm ultra low sulfur diesel,2018-06-07 00:00:00
highway,2020,LVPTH12.8G02,TC,D13N-455,TC,7-15 ppm ultra low sulfur diesel,2020-05-01 00:00:00
highway,2020,LVPTH12.8G03,TC,D13M-455,TC,7-15 ppm ultra low sulfur diesel,2018-06-22 00:00:00
highway,2019,KAGIE06.03RW,AGI-3RW,PI 6.0L 2V CNG,AGI-3RW,Compressed Natural Gas,2016-04-19 00:00:00
highway,2019,KAGIE06.0584,EL3-584,6.0L 2V CNG,EL3-584,Compressed Natural Gas,2016-04-19 00:00:00
highway,2019,KAGIE06.0CNG,AGI-584,6.0L 2V CNG,AGI-584,Compressed Natural Gas,2016-04-19 00:00:00
highway,2019,KAGIE06.8BW6,EL3-HBW6,6.8L 3 Valve CNG,EL3-HBW6,Compressed Natural Gas,2017-07-26 00:00:00
highway,2019,KAGIE06.8BWZ,EL3-BWZ,6.8L 2 Valve CNG,EL3-BWZ,Compressed Natural Gas,2015-04-03 00:00:00
highway,2019,KAGIE08.0LPG,Single-Fuel LPG,Agility 488LPI,Single-Fuel LPG,Liquefied Petroleum Gas,2013-02-23 00:00:00
highway,2019,KAGTE06.0584,ESHDB,6.0BICNG,ESHDB,Compressed Natural Gas,2012-12-22 00:00:00
highway,2019,KBAFE06.8BW6,G6.8DC6,F-650/F750,G6.8DC6,Compressed Natural Gas,2015-12-22 00:00:00
highway,2019,KBAFE06.8BWZ,G6.8DC2,E-450,G6.8DC2,Compressed Natural Gas,2015-06-26 00:00:00
highway,2019,KBLME06.8BW6,K683VR07,6.8L,K683VR07,Liquefied Petroleum Gas,2019-06-05 00:00:00
highway,2019,KCEXH0408BAT,4660;FR94746,B6.7 360,4660;FR94746,7-15 ppm ultra low sulfur diesel,2016-03-10 00:00:00
highway,2019,KCEXH0408BAT,4660;FR94744,B6.7 325,4660;FR94744,7-15 ppm ultra low sulfur diesel,2016-03-12 00:00:00
highway,2019,KCEXH0408BAT,4660;FR94746,B6.7 360,4660;FR94746,7-15 ppm ultra low sulfur diesel,2017-10-04 00:00:00
highway,2019,KCEXH0408BAT,4660;FR94744,B6.7 325,4660;FR94744,7-15 ppm ultra low sulfur diesel,2017-10-05 00:00:00
highway,2019,KCEXH0408BAV,4568;FR94740,B6.7 280H,4568;FR94740,7-15 ppm ultra low sulfur diesel,2016-03-15 00:00:00
highway,2019,KCEXH0408BAW,4548;FR94716,B6.7 360,4548;FR94716,7-15 ppm ultra low sulfur diesel,2018-01-17 00:00:00
highway,2019,KCEXH0408BAX,4547;FR94715,B6.7 360,4547;FR94715,7-15 ppm ultra low sulfur diesel,2018-01-17 00:00:00
highway,2019,KCEXH0408BBB,4965;FR96385,B6.7N,4965;FR96385,Compressed Natural Gas,2015-12-05 00:00:00
highway,2019,KCEXH0540LAT,4760;FR95192,L9 330,4760;FR95192,7-15 ppm ultra low sulfur diesel,2012-06-12 00:00:00
highway,2019,KCEXH0540LAT,4760;FR95192,L9 330,4760;FR95192,7-15 ppm ultra low sulfur diesel,2017-11-07 00:00:00
highway,2019,KCEXH0540LAX,4758;FR95181,L9 450,4758;FR95181,7-15 ppm ultra low sulfur diesel,2016-03-14 00:00:00
highway,2019,KCEXH0540LAX,4758;FR95184,L9 380,4758;FR95184,7-15 ppm ultra low sulfur diesel,2016-03-17 00:00:00
highway,2019,KCEXH0540LAX,4758;FR95181,L9 450,4758;FR95181,7-15 ppm ultra low sulfur diesel,2018-09-18 00:00:00
highway,2019,KCEXH0540LAX,4758;FR95184,L9 380,4758;FR95184,7-15 ppm ultra low sulfur diesel,2018-09-19 00:00:00
highway,2019,KCEXH0540LBL,4897;FR95631,L9N,4897;FR95631,Compressed Natural Gas,2015-07-25 00:00:00
highway,2019,KCEXH0540LBM,4897;FR95950,L9N,4897;FR95950,Compressed Natural Gas,2015-07-25 00:00:00
highway,2019,KCEXH0540LBN,4897;FR95631,L9N,4897;FR95631,Compressed Natural Gas,2015-07-25 00:00:00
highway,2019,KCEXH0721XAG,4814;FR20752,X12475,4814;FR20752,7-15 ppm ultra low sulfur diesel,2017-06-06 00:00:00
highway,2019,KCEXH0729XBC,4875;FR20866,ISX12N 400,4875;FR20866,Compressed Natural Gas,2017-08-31 00:00:00
highway,2019,KCEXH0912XAW,4342;FR11422,X15 500,4342;FR11422,7-15 ppm ultra low sulfur diesel,2017-12-12 00:00:00
highway,2019,KCEXH0912XAX,4343;FR11358,X15 605,4343;FR11358,7-15 ppm ultra low sulfur diesel,2016-02-24 00:00:00
highway,2019,KCRXE06.45Y6,AA-400,6.4L BGE,AA-400,Gasoline,2019-04-02 00:00:00
highway,2019,KDDXH07.7MDE,VI,DD8-F,VI,7-15 ppm ultra low sulfur diesel,2017-09-15 00:00:00
highway,2019,KDDXH07.7MDE,V,DD8-F,V,7-15 ppm ultra low sulfur diesel,2017-09-19 00:00:00
highway,2019,KDDXH12.8FED,XXII,DD13,XXII,7-15 ppm ultra low sulfur diesel,2017-04-19 00:00:00
highway,2019,KDDXH12.8FED,XII,DD13,XII,7-15 ppm ultra low sulfur diesel,2017-04-21 00:00:00
highway,2019,KDDXH14.8EAD,VI,DD15,VI,7-15 ppm ultra low sulfur diesel,2017-03-22 00:00:00
highway,2019,KDDXH15.6GED,V,DD16,V,7-15 ppm ultra low sulfur diesel,2017-05-06 00:00:00
highway,2019,KEL3E06.0584,EL3-584,6.0L 2V CNG,EL3-584,Compressed Natural Gas,2016-04-19 00:00:00
highway,2019,KEL3E06.8BW6,EL3-HBW6,6.8L 3 Valve CNG,EL3-HBW6,Compressed Natural Gas,2017-07-26 00:00:00
highway,2019,KEL3E06.8BWZ,EL3-BWZ,6.8L 2 Valve CNG,EL3-BWZ,Compressed Natural Gas,2015-04-03 00:00:00
highway,2019,KFMXE06.8BW6,GFA18J05,Motor Home,GFA18J05,Gasoline,2015-09-18 00:00:00
highway,2019,KFMXE06.8BWZ,GFE418N05,E450,GFE418N05,Gasoline,2015-02-03 00:00:00
highway,2019,KFMXH06.7C45,GBC17A05,4V F-Series,GBC17A05,7-15 ppm ultra low sulfur diesel,2015-05-09 00:00:00
highway,2019,KFMXH06.7P4A,JTFETRDM,4V F-Series,JTFETRDM,7-15 ppm ultra low sulfur diesel,2017-09-20 00:00:00
highway,2019,KFMXH06.7P4B,JTFETRDM,4V F-Series,JTFETRDM,7-15 ppm ultra low sulfur diesel,2017-09-20 00:00:00
highway,2019,KGMXE06.0584,10,L96,10,Gasoline,2018-10-09 00:00:00
highway,2019,KICME06.886D,GBC18A05,2016 F650/750,GBC18A05,Liquefied Petroleum Gas,2018-08-27 00:00:00
highway,2019,KICME06.886M,GBC18A05,2016 F650/750,GBC18A05,Liquefied Petroleum Gas,2018-09-05 00:00:00
highway,2019,KLDRE06.8C11,BQ660LB,Ford 6.8 V10 3 valve,BQ660LB,Compressed Natural Gas,2015-12-10 00:00:00
highway,2019,KNGCH0466AEA,D260,DT466,D260,Compressed Natural Gas,2012-09-06 00:00:00
highway,2019,KNVXH04020SA,D6.6,350HP,D6.6,7-15 ppm ultra low sulfur diesel,2018-07-18 00:00:00
highway,2019,KNVXH07570SA,G7067,A500,G7067,7-15 ppm ultra low sulfur diesel,2018-12-18 00:00:00
highway,2019,KPCRH10.8M01,430 hp,MX-11 320 E,430 hp,7-15 ppm ultra low sulfur diesel,2018-07-12 00:00:00
highway,2019,KPCRH12.9M01,455 hp,MX-13 342 E MT,455 hp,7-15 ppm ultra low sulfur diesel,2018-10-09 00:00:00
highway,2019,KPCRH12.9M02,510 hp,MX-13 380 E,510 hp,7-15 ppm ultra low sulfur diesel,2018-05-03 00:00:00
highway,2019,KPRLE06.05P9,85,LC8,85,Liquefied Petroleum Gas,2014-11-12 00:00:00
highway,2019,KPSIE06.0GAS,L96,50,L96,Gasoline,2016-12-02 00:00:00
highway,2019,KPSIE08.8GAS,8800GAS,8.8L-NA,8800GAS,Gasoline,2017-09-25 00:00:00
highway,2019,KPSIE08.8LPG,Single-Fuel LPG 270,8.8L 270 LPG,Single-Fuel LPG 270,Liquefied Petroleum Gas,2013-12-16 00:00:00
highway,2019,KPSIE08.8LPG,Single-Fuel LPG 270,8.8L 270 LPG,Single-Fuel LPG 270,Liquefied Petroleum Gas,2015-04-02 00:00:00
highway,2019,KPSIE08.8LPG,Single-Fuel LPG 270,8.8L 270 LPG,Single-Fuel LPG 270,Liquefied Petroleum Gas,2018-04-30 00:00:00
highway,2019,KRIIE06.8BC1,KKXC10AR5,Blue Bird Vision Bus,KKXC10AR5,Compressed Natural Gas,2018-07-15 00:00:00
highway,2019,KRIIE06.8BC2,KKXN10AR5,Blue Bird Vision Bus,KKXN10AR5,Compressed Natural Gas,2018-08-16 00:00:00
highway,2019,KRIIE06.8BW2,KKFB18BR5,Blue Bird Vision Bus,KKFB18BR5,Liquefied Petroleum Gas,2018-04-08 00:00:00
highway,2019,KRIIE06.8BWL,KKF618BR5,Blue Bird Vision Bus,KKF618BR5,Liquefied Petroleum Gas,2017-08-28 00:00:00
highway,2019,KRIIE06.8BWZ,KKE418NR5,E450,KKE418NR5,Liquefied Petroleum Gas,2017-10-02 00:00:00
highway,2019,KRIIE06.8BWZ,KKE418NR5,E450,KKE418NR5,Liquefied Petroleum Gas,2017-10-11 00:00:00
highway,2019,KSZXH05.23FA,523FA-1,4HK1TC,523FA-1,7-15 ppm ultra low sulfur diesel,2014-11-02 00:00:00
highway,2019,KSZXH05.23FB,523FB-1,4HK1TC,523FB-1,7-15 ppm ultra low sulfur diesel,2016-06-28 00:00:00
highway,2019,KVPTH10.8G01,F,MP7-395C,F,7-15 ppm ultra low sulfur diesel,2018-05-19 00:00:00
highway,2019,KVPTH12.8G01,F,MP8-505C,F,7-15 ppm ultra low sulfur diesel,2018-11-05 00:00:00
highway,2019,KVPTH12.8G02,TC,D13M-455,TC,7-15 ppm ultra low sulfur diesel,2018-06-22 00:00:00
highway,2018,JAGIE06.03RW,AGI-3RW,PI 6.0L 2V CNG,AGI-3RW,Compressed Natural Gas,2016-04-19 00:00:00
highway,2018,JAGIE06.0584,AGI-584,6.0L 2V CNG,AGI-584,Compressed Natural Gas,2016-04-19 00:00:00
highway,2018,JAGIE08.0LPG,Single-Fuel LPG,Agility 488LPI,Single-Fuel LPG,Liquefied Petroleum Gas,2013-02-23 00:00:00
highway,2018,JAGTE06.0584,ESHDB,6.0BICNG,ESHDB,Compressed Natural Gas,2012-12-22 00:00:00
highway,2018,JBAFE06.8BW6,G6.8DC6,F-650/F750,G6.8DC6,Compressed Natural Gas,2015-12-22 00:00:00
highway,2018,JBAFE06.8BWZ,G6.8DC2,E-450,G6.8DC2,Compressed Natural Gas,2015-06-26 00:00:00
highway,2018,JBLME06.0584,L96,6.0L,L96,Liquefied Petroleum Gas,2015-05-15 00:00:00
highway,2018,JCEXH0305VAA,4946;FR80027,V5.0 275,4946;FR80027,7-15 ppm ultra low sulfur diesel,2014-08-12 00:00:00
highway,2018,JCEXH0408BAQ,4904;FR95657,ISB6.7 325,4904;FR95657,7-15 ppm ultra low sulfur diesel,2012-09-22 00:00:00
highway,2018,JCEXH0408BAS,4903;FR95656,ISB6.7 325,4903;FR95656,7-15 ppm ultra low sulfur diesel,2012-09-22 00:00:00
highway,2018,JCEXH0408BAT,4660;FR94746,B6.7 360,4660;FR94746,7-15 ppm ultra low sulfur diesel,2016-03-10 00:00:00
highway,2018,JCEXH0408BAT,4660;FR94744,B6.7 325,4660;FR94744,7-15 ppm ultra low sulfur diesel,2016-03-12 00:00:00
highway,2018,JCEXH0408BAT,4660;FR94746,B6.7 360,4660;FR94746,7-15 ppm ultra low sulfur diesel,2017-10-04 00:00:00
highway,2018,JCEXH0408BAT,4660;FR94744,B6.7 325,4660;FR94744,7-15 ppm ultra low sulfur diesel,2017-10-05 00:00:00
highway,2018,JCEXH0408BAV,4568;FR94740,B6.7 280H,4568;FR94740,7-15 ppm ultra low sulfur diesel,2016-03-15 00:00:00
highway,2018,JCEXH0408BBB,4965;FR96385,B6.7N,4965;FR96385,Compressed Natural Gas,2015-12-05 00:00:00
highway,2018,JCEXH0540LAT,4760;FR95192,L9 330,4760;FR95192,7-15 ppm ultra low sulfur diesel,2017-11-07 00:00:00
highway,2018,JCEXH0540LAX,4758;FR95181,L9 450,4758;FR95181,7-15 ppm ultra low sulfur diesel,2016-03-14 00:00:00
highway,2018,JCEXH0540LAX,4758;FR95184,L9 380,4758;FR95184,7-15 ppm ultra low sulfur diesel,2016-03-17 00:00:00
highway,2018,JCEXH0540LBL,4897;FR95631,L9N,4897;FR95631,Compressed Natural Gas,2015-07-25 00:00:00
highway,2018,JCEXH0540LBM,4897;FR95950,L9N,4897;FR95950,Compressed Natural Gas,2015-07-25 00:00:00
highway,2018,JCEXH0540LBN,4897;FR95631,L9N,4897;FR95631,Compressed Natural Gas,2015-07-25 00:00:00
highway,2018,JCEXH0721XAG,4814;FR20750,X12455,4814;FR20750,7-15 ppm ultra low sulfur diesel,2017-06-06 00:00:00
highway,2018,JCEXH0721XAG,4814;FR20752,X12475,4814;FR20752,7-15 ppm ultra low sulfur diesel,2017-06-06 00:00:00
highway,2018,JCEXH0729XAE,4892;FR20807,ISX12450V,4892;FR20807,7-15 ppm ultra low sulfur diesel,2012-06-09 00:00:00
highway,2018,JCEXH0729XBC,4875;FR20866,ISX12N 400,4875;FR20866,Compressed Natural Gas,2017-08-31 00:00:00
highway,2018,JCEXH0912XAW,4342;FR11422,X15 500,4342;FR11422,7-15 ppm ultra low sulfur diesel,2017-12-12 00:00:00
highway,2018,JCEXH0912XAX,4343;FR11358,X15 605,4343;FR11358,7-15 ppm ultra low sulfur diesel,2016-02-24 00:00:00
highway,2018,JCRXE06.45Y6,AA-400,6.4L BGE,AA-400,Gasoline,2017-03-03 00:00:00
highway,2018,JDDXH07.7MDE,VII,DD8,VII,7-15 ppm ultra low sulfur diesel,2017-09-15 00:00:00
highway,2018,JDDXH07.7MDE,VI,DD8,VI,7-15 ppm ultra low sulfur diesel,2017-09-19 00:00:00
highway,2018,JDDXH12.8FED,XXII,DD13,XXII,7-15 ppm ultra low sulfur diesel,2017-04-19 00:00:00
highway,2018,JDDXH12.8FED,XII,DD13,XII,7-15 ppm ultra low sulfur diesel,2017-04-21 00:00:00
highway,2018,JDDXH14.8EAD,VI,DD15,VI,7-15 ppm ultra low sulfur diesel,2017-03-22 00:00:00
highway,2018,JDDXH15.6GED,V,DD16,V,7-15 ppm ultra low sulfur diesel,2017-05-06 00:00:00
highway,2018,JEL3E06.0584,EL3-584,6.0L 2V CNG,EL3-584,Compressed Natural Gas,2016-04-19 00:00:00
highway,2018,JEL3E06.8BW6,EL3-HBW6,6.8L 3 Valve CNG,EL3-HBW6,Compressed Natural Gas,2017-07-26 00:00:00
highway,2018,JEL3E06.8BWZ,EL3-BWZ,6.8L 2 Valve CNG,EL3-BWZ,Compressed Natural Gas,2015-04-03 00:00:00
highway,2018,JFMXE06.8BW6,GFA18J05,Motor Home,GFA18J05,Gasoline,2015-09-18 00:00:00
highway,2018,JFMXE06.8BWZ,GFE418N05,E450,GFE418N05,Gasoline,2015-02-03 00:00:00
highway,2018,JFMXH06.7C45,GBC17A05,4V F-Series,GBC17A05,7-15 ppm ultra low sulfur diesel,2015-05-09 00:00:00
highway,2018,JFMXH06.7P4A,JTFETRDM,4V F-Series,JTFETRDM,7-15 ppm ultra low sulfur diesel,2017-09-20 00:00:00
highway,2018,JFMXH06.7P4B,JTFETRDM,4V F-Series,JTFETRDM,7-15 ppm ultra low sulfur diesel,2017-09-20 00:00:00
highway,2018,JGKTE08.0GC8,8,V8,8,Compressed Natural Gas,2015-12-14 00:00:00
highway,2018,JGKTE08.0GL8,8,V8,8,Propane,2015-11-16 00:00:00
highway,2018,JGKTE08.0GS8,8,V8,8,Gasoline,2015-12-24 00:00:00
highway,2018,JGMXE06.0584,10,L96,10,Gasoline,2017-06-07 00:00:00
highway,2018,JICME06.8B8D,GE418N05,E450 Incomplete,GE418N05,Liquefied Petroleum Gas,2016-12-27 00:00:00
highway,2018,JICME06.8B8D,GE418N05,E450 Incomplete,GE418N05,Liquefied Petroleum Gas,2016-12-28 00:00:00
highway,2018,JICME06.8B8M,GE418N05,E450 Incomplete,GE418N05,Liquefied Petroleum Gas,2016-12-27 00:00:00
highway,2018,JICME06.8B8M,GE418N05,E450 Incomplete,GE418N05,Liquefied Petroleum Gas,2016-12-28 00:00:00
highway,2018,JLDRE06.8B10,DQ636AA,Ford 6.8 V10 2 valve,DQ636AA,Compressed Natural Gas,2015-03-17 00:00:00
highway,2018,JLDRE06.8C11,BQ660LB,Ford 6.8 V10 3 valve,BQ660LB,Compressed Natural Gas,2015-12-10 00:00:00
highway,2018,JNGCH0466AEA,D260,DT466,D260,Compressed Natural Gas,2012-09-06 00:00:00
highway,2018,JNVXH07570SA,G7055,A475,G7055,7-15 ppm ultra low sulfur diesel,2017-06-08 00:00:00
highway,2018,JPCRH10.8M01,430 hp,MX-11 320 E,430 hp,7-15 ppm ultra low sulfur diesel,2016-03-23 00:00:00
highway,2018,JPCRH12.9M01,455 hp,MX-13 340 E,455 hp,7-15 ppm ultra low sulfur diesel,2016-04-06 00:00:00
highway,2018,JPCRH12.9M02,510 hp,MX-13 380 E,510 hp,7-15 ppm ultra low sulfur diesel,2016-04-19 00:00:00
highway,2018,JPRLE06.05P7,80,L96,80,Liquefied Petroleum Gas,2014-11-12 00:00:00
highway,2018,JPRLE06.05P7,85,LC8,85,Liquefied Petroleum Gas,2014-11-12 00:00:00
highway,2018,JPSIE06.0GAS,L96,50,L96,Gasoline,2016-12-02 00:00:00
highway,2018,JPSIE08.8GAS,8800GAS,8.8L-NA,8800GAS,Gasoline,2017-09-25 00:00:00
highway,2018,JPSIE08.8LPG,Single-Fuel LPG 270,8.8L 270 LPG,Single-Fuel LPG 270,Liquefied Petroleum Gas,2013-12-16 00:00:00
highway,2018,JPSIE08.8LPG,Single-Fuel LPG 270,8.8L 270 LPG,Single-Fuel LPG 270,Liquefied Petroleum Gas,2015-04-02 00:00:00
highway,2018,JRIIE06.8BW2,JJFB18BR5,Blue Bird Vision Bus,JJFB18BR5,Liquefied Petroleum Gas,2018-04-08 00:00:00
highway,2018,JRIIE06.8BWL,JJF618BR5,Blue Bird Vision Bus,JJF618BR5,Liquefied Petroleum Gas,2017-08-28 00:00:00
highway,2018,JRIIE06.8BWZ,JJE418NR5,E450,JJE418NR5,Liquefied Petroleum Gas,2017-10-02 00:00:00
highway,2018,JRIIE06.8BWZ,JJE418NR5,E450,JJE418NR5,Liquefied Petroleum Gas,2017-10-11 00:00:00
highway,2018,JSZXH05.23FA,523FA-1,4HK1TC,523FA-1,7-15 ppm ultra low sulfur diesel,2014-11-02 00:00:00
highway,2018,JSZXH05.23FB,523FB-1,4HK1TC,523FB-1,7-15 ppm ultra low sulfur diesel,2016-06-28 00:00:00
highway,2018,JVPTH10.8G01,F,MP7-395C,F,7-15 ppm ultra low sulfur diesel,2016-09-09 00:00:00
highway,2018,JVPTH12.8G01,V,D13M-500,V,7-15 ppm ultra low sulfur diesel,2017-08-21 00:00:00
highway,2018,JVPTH12.8G02,TC,D13M-455,TC,7-15 ppm ultra low sulfur diesel,2017-01-27 00:00:00
highway,2017,HAGTE06.0584,ESHDB,6.0BICNG,ESHDB,Compressed Natural Gas,2012-12-22 00:00:00
highway,2017,HBAFE06.8BW6,HBAF683V,6.8L-3V,HBAF683V,Compressed Natural Gas,2015-12-22 00:00:00
highway,2017,HBAFE06.8BWZ,GBAF682V,6.8L-2V,GBAF682V,Compressed Natural Gas,2015-09-30 00:00:00
highway,2017,HBLME06.8BWZ,GE418N05,"Ford 2v, 6.8L V-10",GE418N05,Gasoline,2017-04-07 00:00:00
highway,2017,HBLME06.8BWZ,GE418N05,"Ford 2v, 6.8L V-10",GE418N05,Liquefied Petroleum Gas,2017-04-07 00:00:00
highway,2017,HCEXH0305VAA,4946;FR80027,V5.0 275,4946;FR80027,7-15 ppm ultra low sulfur diesel,2014-08-12 00:00:00
highway,2017,HCEXH0408BAQ,4825;FR95327,ISB6.7 325,4825;FR95327,7-15 ppm ultra low sulfur diesel,2012-09-22 00:00:00
highway,2017,HCEXH0408BAS,4824;FR95326,ISB6.7 325,4824;FR95326,7-15 ppm ultra low sulfur diesel,2012-09-22 00:00:00
highway,2017,HCEXH0408BAT,4660;FR94746,B6.7 360,4660;FR94746,7-15 ppm ultra low sulfur diesel,2016-03-10 00:00:00
highway,2017,HCEXH0408BAT,4660;FR94744,B6.7 325,4660;FR94744,7-15 ppm ultra low sulfur diesel,2016-03-12 00:00:00
highway,2017,HCEXH0408BAV,4568;FR94740,B6.7 280H,4568;FR94740,7-15 ppm ultra low sulfur diesel,2016-03-15 00:00:00
highway,2017,HCEXH0408BBA,4290;FR94406,ISBG,4290;FR94406,Compressed Natural Gas,2015-12-07 00:00:00
highway,2017,HCEXH0540LAT,4760;FR95192,L9 330,4760;FR95192,7-15 ppm ultra low sulfur diesel,2012-06-12 00:00:00
highway,2017,HCEXH0540LAT,4760;FR95192,L9 330,4760;FR95192,7-15 ppm ultra low sulfur diesel,2017-11-07 00:00:00
highway,2017,HCEXH0540LAX,4758;FR95181,L9 450,4758;FR95181,7-15 ppm ultra low sulfur diesel,2016-03-14 00:00:00
highway,2017,HCEXH0540LAX,4758;FR95184,L9 380,4758;FR95184,7-15 ppm ultra low sulfur diesel,2016-03-17 00:00:00
highway,2017,HCEXH0540LBF,3517;FR93274,ISLG,3517;FR93274,Compressed Natural Gas,2009-10-25 00:00:00
highway,2017,HCEXH0540LBG,3518;FR93275,ISLG,3518;FR93275,Compressed Natural Gas,2009-10-25 00:00:00
highway,2017,HCEXH0540LBH,3519;FR93287,ISLG,3519;FR93287,Compressed Natural Gas,2009-10-25 00:00:00
highway,2017,HCEXH0540LBI,4836;FR95348,ISLG,4836;FR95348,Compressed Natural Gas,2015-07-25 00:00:00
highway,2017,HCEXH0540LBJ,4835;FR95347,ISLG,4835;FR95347,Compressed Natural Gas,2015-07-25 00:00:00
highway,2017,HCEXH0540LBK,4926;FR95479,ISLG,4926;FR95479,Compressed Natural Gas,2015-07-25 00:00:00
highway,2017,HCEXH0729XAE,4892;FR20807,ISX12450V,4892;FR20807,7-15 ppm ultra low sulfur diesel,2012-06-09 00:00:00
highway,2017,HCEXH0729XBA,3647;FR20288,ISX12G,3647;FR20288,Compressed Natural Gas,2013-03-01 00:00:00
highway,2017,HCEXH0912XAW,4342;FR11422,X15 500,4342;FR11422,7-15 ppm ultra low sulfur diesel,2016-03-15 00:00:00
highway,2017,HCEXH0912XAX,4343;FR11358,X15 605,4343;FR11358,7-15 ppm ultra low sulfur diesel,2016-02-24 00:00:00
highway,2017,HCLFE06.0LPG,Single-Fuel LPG,CleanFuel LC8,Single-Fuel LPG,Liquefied Petroleum Gas,2016-08-15 00:00:00
highway,2017,HCLFE08.0LPG,Single-Fuel LPG,CleanFuel LPG,Single-Fuel LPG,Liquefied Petroleum Gas,2013-02-23 00:00:00
highway,2017,HCRXE06.45Y0,AA-400,6.4L BGE,AA-400,Gasoline,2016-03-09 00:00:00
highway,2017,HDDXH05.1MDE,II,DD5,II,7-15 ppm ultra low sulfur diesel,2016-06-09 00:00:00
highway,2017,HDDXH12.8FED,XII,DD13,XII,7-15 ppm ultra low sulfur diesel,2015-11-19 00:00:00
highway,2017,HDDXH12.8FED,XXII,DD13,XXII,7-15 ppm ultra low sulfur diesel,2016-04-26 00:00:00
highway,2017,HDDXH14.8EAD,VII,DD15,VII,7-15 ppm ultra low sulfur diesel,2017-03-22 00:00:00
highway,2017,HDDXH15.6GED,V,DD16,V,7-15 ppm ultra low sulfur diesel,2016-04-12 00:00:00
highway,2017,HEL3E06.0760,EL3-760,6.0L 2V CNG,EL3-760,Compressed Natural Gas,2016-04-19 00:00:00
highway,2017,HEL3E06.076P,EL3-76P,6.0L 2V CNG,EL3-76P,Compressed Natural Gas,2016-04-19 00:00:00
highway,2017,HEL3E06.8BW6,EL3-HBW6,6.8L 3 Valve CNG,EL3-HBW6,Compressed Natural Gas,2017-07-26 00:00:00
highway,2017,HEL3E06.8BWZ,EL3-BWZ,6.8L 2 Valve CNG,EL3-BWZ,Compressed Natural Gas,2015-04-03 00:00:00
highway,2017,HFMXE06.8BW6,GFA18J05,Motor Home,GFA18J05,Gasoline,2015-09-18 00:00:00
highway,2017,HFMXE06.8BWZ,GFE418N05,E450,GFE418N05,Gasoline,2015-02-03 00:00:00
highway,2017,HFMXH06.7C45,GBC17A05,4V F-Series,GBC17A05,7-15 ppm ultra low sulfur diesel,2015-05-09 00:00:00
highway,2017,HFMXH06.7P4A,HFE17M05,4V F-Series,HFE17M05,7-15 ppm ultra low sulfur diesel,2016-01-15 00:00:00
highway,2017,HFMXH06.7P4B,HFE17M05,4V F-Series,HFE17M05,7-15 ppm ultra low sulfur diesel,2016-01-15 00:00:00
highway,2017,HFPXH03.0F1A,4P10,F1C,4P10,7-15 ppm ultra low sulfur diesel,2016-08-12 00:00:00
highway,2017,HFPXH03.0F1A,4P10,F1C,4P10,7-15 ppm ultra low sulfur diesel,2018-02-12 00:00:00
highway,2017,HFPXH03.0F1B,4P10,F1C,4P10,7-15 ppm ultra low sulfur diesel,2016-08-12 00:00:00
highway,2017,HFPXH03.0F1B,4P10,F1C,4P10,7-15 ppm ultra low sulfur diesel,2018-02-12 00:00:00
highway,2017,HGKTE06.0GM2,605851111,V8,605851111,Compressed Natural Gas,2011-11-07 00:00:00
highway,2017,HGKTE06.0PRO,605851111,V8,605851111,Propane,2011-11-07 00:00:00
highway,2017,HGKTE08.0GC8,8,V8,8,Compressed Natural Gas,2015-12-14 00:00:00
highway,2017,HGKTE08.0GL8,8,V8,8,Propane,2015-11-16 00:00:00
highway,2017,HGKTE08.0GS8,8,V8,8,Gasoline,2015-12-24 00:00:00
highway,2017,HGMXE06.0584,10,L96,10,Gasoline,2009-12-04 00:00:00
highway,2017,HICME06.8B6D,GE418N05,E450 Incomplete,GE418N05,Liquefied Petroleum Gas,2016-12-27 00:00:00
highway,2017,HICME06.8B6D,GE418N05,E450 Incomplete,GE418N05,Liquefied Petroleum Gas,2016-12-28 00:00:00
highway,2017,HICME06.8B6M,GE418N05,E450 Incomplete,GE418N05,Liquefied Petroleum Gas,2016-12-27 00:00:00
highway,2017,HICME06.8B6M,GE418N05,E450 Incomplete,GE418N05,Liquefied Petroleum Gas,2016-12-28 00:00:00
highway,2017,HICME06.8B7D,GE418N05,E450 Incomplete,GE418N05,Liquefied Petroleum Gas,2016-12-27 00:00:00
highway,2017,HICME06.8B7D,GE418N05,E450 Incomplete,GE418N05,Liquefied Petroleum Gas,2016-12-28 00:00:00
highway,2017,HICME06.8B7M,GE418N05,E450 Incomplete,GE418N05,Liquefied Petroleum Gas,2016-12-27 00:00:00
highway,2017,HICME06.8B7M,GE418N05,E450 Incomplete,GE418N05,Liquefied Petroleum Gas,2016-12-28 00:00:00
highway,2017,HLDRE06.0C10,1,GM 6.0L,1,Compressed Natural Gas,2012-03-21 00:00:00
highway,2017,HLDRE06.8B10,DQ636AA,Ford 6.8 V10 2 valve,DQ636AA,Compressed Natural Gas,2015-03-17 00:00:00
highway,2017,HLDRE06.8C11,BQ660LB,Ford 6.8 V10 3 valve,BQ660LB,Compressed Natural Gas,2015-12-10 00:00:00
highway,2017,HNGCH0466AEA,D260,DT466,D260,Compressed Natural Gas,2012-09-06 00:00:00
highway,2017,HNVXH05700SA,7151,S385H,7151,7-15 ppm ultra low sulfur diesel,2016-06-04 00:00:00
highway,2017,HNVXH07570SA,G7056,A475,G7056,7-15 ppm ultra low sulfur diesel,2017-06-04 00:00:00
highway,2017,HNVXH07570SB,A475,A475,A475,7-15 ppm ultra low sulfur diesel,2015-07-24 00:00:00
highway,2017,HPCRH10.8M01,430 hp,MX-11 320 E,430 hp,7-15 ppm ultra low sulfur diesel,2016-03-23 00:00:00
highway,2017,HPCRH12.9M01,455 hp,MX-13 340 E,455 hp,7-15 ppm ultra low sulfur diesel,2016-04-06 00:00:00
highway,2017,HPCRH12.9M02,510 hp,MX-13 380 E,510 hp,7-15 ppm ultra low sulfur diesel,42479
highway,2017,HPITE06.0GAS,55,6.0 L Gasoline,55,Gasoline,42286
highway,2017,HPSIE06.0CNG,Single-Fuel CNG,PSI LC8 CNG,Single-Fuel CNG,Compressed Natural Gas,42017
highway,2017,HPSIE06.0LPG,Single-Fuel LPG,PSI LC8 LPG,Single-Fuel LPG,Liquefied Petroleum Gas,42017
highway,2017,HPSIE08.8CNG,Single-Fuel CNG 235,8.8L 235 CNG,Single-Fuel CNG 235,Compressed Natural Gas,41705
highway,2017,HPSIE08.8LPG,Single-Fuel LPG 270,8.8L 270 LPG,Single-Fuel LPG 270,Liquefied Petroleum Gas,41624
highway,2017,HPSIE08.8LPG,Single-Fuel LPG 270,8.8L 270 LPG,Single-Fuel LPG 270,Liquefied Petroleum Gas,42096
highway,2017,HRIIE06.8BWC,HHXC10AR5,Blue Bird Vision Bus,HHXC10AR5,Compressed Natural Gas,42627
highway,2017,HRIIE06.8BWL,HHF618BR5,Blue Bird Vision Bus,HHF618BR5,Liquefied Petroleum Gas,42642
highway,2017,HRIIE06.8BWZ,HHE418NR5,E450,HHE418NR5,Liquefied Petroleum Gas,42642
highway,2017,HSZXH05.23FA,523FA-1,4HK1TC,523FA-1,7-15 ppm ultra low sulfur diesel,41945
highway,2017,HSZXH05.23FB,523FB-1,4HK1TC,523FB-1,7-15 ppm ultra low sulfur diesel,42549
highway,2017,HVPTH10.8G01,F,MP7-395C,F,7-15 ppm ultra low sulfur diesel,42622
highway,2017,HVPTH12.8G01,F,MP8-505C,F,7-15 ppm ultra low sulfur diesel,42501
highway,2017,HVPTH12.8G02,TC,D13M-455,TC,7-15 ppm ultra low sulfur diesel,42762
highway,2017,HZ9XE06.8DC2,G6.8DC2,E-450,G6.8DC2,Compressed Natural Gas,42181
highway,2017,HZ9XE06.8DC6,G6.8DC6,F-650/F750,G6.8DC6,Compressed Natural Gas,42360
highway,2016,GAGTE06.0584,ESHDB,6.0BICNG,ESHDB,Compressed Natural Gas,41265
highway,2016,GBAFE06.8BWZ,GBAF682V,6.8L-2V,GBAF682V,Compressed Natural Gas,42277
highway,2016,GBPTE06.0G12,LC8,LPG,LC8,Liquefied Petroleum Gas,40668
highway,2016,GBPTE06.0G12,LC8,LPG,LC8,Liquefied Petroleum Gas,40764
highway,2016,GCEXH0540LBH,3519;FR93287,ISLG,3519;FR93287,Compressed Natural Gas,40111
highway,2016,GCEXH0912XAV,4761;FR11492,ISX15,4761;FR11492,7-15 ppm ultra low sulfur diesel,42152
highway,2016,GCLFE08.0LPG,Single-Fuel LPG,CleanFuel LPG,Single-Fuel LPG,Liquefied Petroleum Gas,41328
highway,2016,GEL3E06.0560,EL3-560,6.0L 2V CNG,EL3-560,Compressed Natural Gas,42479
highway,2016,GEL3E06.0660,EL3-660,6.0L 2V CNG,EL3-660,Compressed Natural Gas,42479
highway,2016,GEL3E06.8214,EL3-214,6.8L 2 Valve CNG,EL3-214,Compressed Natural Gas,42096
highway,2016,GEL3E06.8215,EL3-215,6.8L 2 Valve CNG,EL3-215,Compressed Natural Gas,42096
highway,2016,GEL3E06.8314,EL3-314,6.8L 3 Valve CNG,EL3-314,Compressed Natural Gas,42084
highway,2016,GEL3E06.8315,EL3-315,6.8L 3 Valve CNG,EL3-315,Compressed Natural Gas,42084
highway,2016,GFMXE06.8BW6,GFA18J05,Motor Home,GFA18J05,Gasoline,42265
highway,2016,GFMXH06.7P4A,HFE17M05,4V F-Series,HFE17M05,7-15 ppm ultra low sulfur diesel,42384
highway,2016,GFMXH06.7P4B,HFE17M05,4V F-Series,HFE17M05,7-15 ppm ultra low sulfur diesel,42384
highway,2016,GFPXH03.0F1A,4P10,F1C,4P10,7-15 ppm ultra low sulfur diesel,42594
highway,2016,GFPXH03.0F1A,4P10,F1C,4P10,7-15 ppm ultra low sulfur diesel,42837
highway,2016,GFPXH03.0F1A,4P10,F1C,4P10,7-15 ppm ultra low sulfur diesel,42859
highway,2016,GFPXH03.0F1A,4P10,F1C,4P10,7-15 ppm ultra low sulfur diesel,43143
highway,2016,GFPXH03.0F1B,4P10,F1C,4P10,7-15 ppm ultra low sulfur diesel,42594
highway,2016,GFPXH03.0F1B,4P10,F1C,4P10,7-15 ppm ultra low sulfur diesel,42837
highway,2016,GFPXH03.0F1B,4P10,F1C,4P10,7-15 ppm ultra low sulfur diesel,42859
highway,2016,GFPXH03.0F1B,4P10,F1C,4P10,7-15 ppm ultra low sulfur diesel,43143
highway,2016,GGKTE06.0GM2,605851111,V8,605851111,Compressed Natural Gas,40854
highway,2016,GGKTE06.0PRO,605851111,V8,605851111,Propane,40854
highway,2016,GGKTE08.0GM8,8,V8,8,Compressed Natural Gas,42012
highway,2016,GGKTE08.0PR8,8,V8,8,Propane,42006
highway,2016,GLDRE06.0C10,1,GM 6.0L,1,Compressed Natural Gas,40989
highway,2016,GLDRE06.8C10,BQ660LB,Ford 6.8 V10 3 valve,BQ660LB,Compressed Natural Gas,42348
highway,2016,GLDRE06.8C11,BQ660LB,Ford 6.8 V10 3 valve,BQ660LB,Compressed Natural Gas,42348
highway,2016,GRIIE06.8BWC,GGXC10AR5,Blue Bird Vision Bus,GGXC10AR5,Compressed Natural Gas,42516
highway,2016,GRIIE06.8BWL,GGF618BR5,Blue Bird Vision Bus,GGF618BR5,Liquefied Petroleum Gas,42376
highway,2016,GRIIE06.8BWL,GGF618BR5,Blue Bird Vision Bus,GGF618BR5,Liquefied Petroleum Gas,42380
highway,2016,GRIIE06.8BWL,GGF618BR5,Blue Bird Vision Bus,GGF618BR5,Liquefied Petroleum Gas,42646
highway,2016,GRIIE06.8BWL,GGF618BR5,Blue Bird Vision Bus,GGF618BR5,Liquefied Petroleum Gas,42647
highway,2016,GSZXH05.23FA,523FA-1,4HK1TC,523FA-1,7-15 ppm ultra low sulfur diesel,41945
highway,2016,GZ9XE06.8DC3,G6.8DC3,F-450/F550,G6.8DC3,Compressed Natural Gas,40249
highway,2016,GZ9XE06.8DC6,G6.8DC6,F-650/F750,G6.8DC6,Compressed Natural Gas,42360
highway,2015,FBLME06.0584,L96,6.0L,L96,Liquefied Petroleum Gas,42139
highway,2015,FBLME06.8BW5,1,"Ford 3v, 6.8L V-10",1,Gasoline,42240
highway,2015,FBLME06.8BW5,1,"Ford 3v, 6.8L V-10",1,Liquefied Petroleum Gas,42240
highway,2015,FNGCH0466AEA,D260,DT466,D260,Compressed Natural Gas,41158
